[
  {
    "longitude": 0,
    "latitude": 0,
    "start_date": "2000-09-13",
    "end_date": "2001-08-23",
    "label": "Cerrado",
    "coverage": "mod13q1_512",
    "time_series": [
      {
        "Index": "2000-09-13",
        "ndvi": 0.4635,
        "evi": 0.2374,
        "nir": 0.2011
      },
      {
        "Index": "2000-09-21",
        "ndvi": 0.5041,
        "evi": 0.2639,
        "nir": 0.2129
      },
      {
        "Index": "2000-09-29",
        "ndvi": 0.5423,
        "evi": 0.2898,
        "nir": 0.2243
      },
      {
        "Index": "2000-10-07",
        "ndvi": 0.5755,
        "evi": 0.3142,
        "nir": 0.2349
      },
      {
        "Index": "2000-10-15",
        "ndvi": 0.602,
        "evi": 0.3365,
        "nir": 0.2444
      },
      {
        "Index": "2000-10-23",
        "ndvi": 0.6207,
        "evi": 0.3562,
        "nir": 0.2525
      },
      {
        "Index": "2000-10-31",
        "ndvi": 0.6318,
        "evi": 0.373,
        "nir": 0.2594
      },
      {
        "Index": "2000-11-08",
        "ndvi": 0.6365,
        "evi": 0.3869,
        "nir": 0.2653
      },
      {
        "Index": "2000-11-16",
        "ndvi": 0.6367,
        "evi": 0.3981,
        "nir": 0.2704
      },
      {
        "Index": "2000-11-24",
        "ndvi": 0.6345,
        "evi": 0.4066,
        "nir": 0.275
      },
      {
        "Index": "2000-12-02",
        "ndvi": 0.6314,
        "evi": 0.4129,
        "nir": 0.2792
      },
      {
        "Index": "2000-12-10",
        "ndvi": 0.6287,
        "evi": 0.4169,
        "nir": 0.2831
      },
      {
        "Index": "2000-12-18",
        "ndvi": 0.6271,
        "evi": 0.4191,
        "nir": 0.2865
      },
      {
        "Index": "2000-12-26",
        "ndvi": 0.6267,
        "evi": 0.4196,
        "nir": 0.2891
      },
      {
        "Index": "2001-01-03",
        "ndvi": 0.6276,
        "evi": 0.4189,
        "nir": 0.2908
      },
      {
        "Index": "2001-01-11",
        "ndvi": 0.6295,
        "evi": 0.4174,
        "nir": 0.2914
      },
      {
        "Index": "2001-01-19",
        "ndvi": 0.6327,
        "evi": 0.4157,
        "nir": 0.2908
      },
      {
        "Index": "2001-01-27",
        "ndvi": 0.6373,
        "evi": 0.4141,
        "nir": 0.289
      },
      {
        "Index": "2001-02-04",
        "ndvi": 0.6433,
        "evi": 0.4128,
        "nir": 0.2863
      },
      {
        "Index": "2001-02-12",
        "ndvi": 0.6508,
        "evi": 0.4118,
        "nir": 0.2827
      },
      {
        "Index": "2001-02-20",
        "ndvi": 0.6592,
        "evi": 0.4108,
        "nir": 0.2785
      },
      {
        "Index": "2001-02-28",
        "ndvi": 0.668,
        "evi": 0.4091,
        "nir": 0.2738
      },
      {
        "Index": "2001-03-08",
        "ndvi": 0.676,
        "evi": 0.4063,
        "nir": 0.2687
      },
      {
        "Index": "2001-03-16",
        "ndvi": 0.6825,
        "evi": 0.4018,
        "nir": 0.2634
      },
      {
        "Index": "2001-03-24",
        "ndvi": 0.6867,
        "evi": 0.3954,
        "nir": 0.2579
      },
      {
        "Index": "2001-04-01",
        "ndvi": 0.6882,
        "evi": 0.3874,
        "nir": 0.2524
      },
      {
        "Index": "2001-04-09",
        "ndvi": 0.6873,
        "evi": 0.3781,
        "nir": 0.2469
      },
      {
        "Index": "2001-04-17",
        "ndvi": 0.6845,
        "evi": 0.3684,
        "nir": 0.2417
      },
      {
        "Index": "2001-04-25",
        "ndvi": 0.6804,
        "evi": 0.3589,
        "nir": 0.2368
      },
      {
        "Index": "2001-05-03",
        "ndvi": 0.6756,
        "evi": 0.35,
        "nir": 0.2323
      },
      {
        "Index": "2001-05-11",
        "ndvi": 0.6699,
        "evi": 0.3417,
        "nir": 0.2281
      },
      {
        "Index": "2001-05-19",
        "ndvi": 0.6629,
        "evi": 0.3338,
        "nir": 0.2239
      },
      {
        "Index": "2001-05-27",
        "ndvi": 0.6536,
        "evi": 0.3255,
        "nir": 0.2198
      },
      {
        "Index": "2001-06-04",
        "ndvi": 0.6412,
        "evi": 0.3161,
        "nir": 0.2153
      },
      {
        "Index": "2001-06-12",
        "ndvi": 0.6248,
        "evi": 0.3051,
        "nir": 0.2106
      },
      {
        "Index": "2001-06-20",
        "ndvi": 0.6043,
        "evi": 0.2925,
        "nir": 0.2056
      },
      {
        "Index": "2001-06-28",
        "ndvi": 0.5806,
        "evi": 0.2786,
        "nir": 0.2006
      },
      {
        "Index": "2001-07-06",
        "ndvi": 0.5553,
        "evi": 0.2646,
        "nir": 0.1962
      },
      {
        "Index": "2001-07-14",
        "ndvi": 0.5307,
        "evi": 0.2517,
        "nir": 0.1927
      },
      {
        "Index": "2001-07-22",
        "ndvi": 0.5087,
        "evi": 0.2414,
        "nir": 0.1907
      },
      {
        "Index": "2001-07-30",
        "ndvi": 0.4912,
        "evi": 0.2345,
        "nir": 0.1904
      },
      {
        "Index": "2001-08-07",
        "ndvi": 0.4788,
        "evi": 0.2314,
        "nir": 0.1919
      },
      {
        "Index": "2001-08-15",
        "ndvi": 0.4709,
        "evi": 0.2316,
        "nir": 0.1948
      },
      {
        "Index": "2001-08-23",
        "ndvi": 0.4665,
        "evi": 0.2343,
        "nir": 0.1987
      }
    ]
  },
  {
    "longitude": 0,
    "latitude": 0,
    "start_date": "2003-09-14",
    "end_date": "2004-08-28",
    "label": "Clear_cut1",
    "coverage": "mod13q1_512",
    "time_series": [
      {
        "Index": "2003-09-14",
        "evi": 0.4648,
        "ndvi": 0.7647,
        "nir": 0.2868
      },
      {
        "Index": "2003-09-22",
        "evi": 0.4795,
        "ndvi": 0.7732,
        "nir": 0.2969
      },
      {
        "Index": "2003-09-30",
        "evi": 0.4932,
        "ndvi": 0.7807,
        "nir": 0.3064
      },
      {
        "Index": "2003-10-08",
        "evi": 0.5045,
        "ndvi": 0.786,
        "nir": 0.3143
      },
      {
        "Index": "2003-10-16",
        "evi": 0.5124,
        "ndvi": 0.7879,
        "nir": 0.32
      },
      {
        "Index": "2003-10-24",
        "evi": 0.5161,
        "ndvi": 0.7859,
        "nir": 0.3227
      },
      {
        "Index": "2003-11-01",
        "evi": 0.5158,
        "ndvi": 0.7797,
        "nir": 0.3224
      },
      {
        "Index": "2003-11-09",
        "evi": 0.5121,
        "ndvi": 0.7698,
        "nir": 0.3195
      },
      {
        "Index": "2003-11-17",
        "evi": 0.5064,
        "ndvi": 0.7569,
        "nir": 0.3149
      },
      {
        "Index": "2003-11-25",
        "evi": 0.5003,
        "ndvi": 0.7423,
        "nir": 0.3099
      },
      {
        "Index": "2003-12-03",
        "evi": 0.4952,
        "ndvi": 0.727,
        "nir": 0.3059
      },
      {
        "Index": "2003-12-11",
        "evi": 0.4923,
        "ndvi": 0.7121,
        "nir": 0.3041
      },
      {
        "Index": "2003-12-19",
        "evi": 0.4924,
        "ndvi": 0.6984,
        "nir": 0.3054
      },
      {
        "Index": "2003-12-27",
        "evi": 0.4953,
        "ndvi": 0.6866,
        "nir": 0.31
      },
      {
        "Index": "2004-01-04",
        "evi": 0.5005,
        "ndvi": 0.6773,
        "nir": 0.3173
      },
      {
        "Index": "2004-01-12",
        "evi": 0.5069,
        "ndvi": 0.671,
        "nir": 0.3263
      },
      {
        "Index": "2004-01-20",
        "evi": 0.5133,
        "ndvi": 0.668,
        "nir": 0.3353
      },
      {
        "Index": "2004-01-28",
        "evi": 0.5184,
        "ndvi": 0.6687,
        "nir": 0.3427
      },
      {
        "Index": "2004-02-05",
        "evi": 0.5213,
        "ndvi": 0.6733,
        "nir": 0.347
      },
      {
        "Index": "2004-02-13",
        "evi": 0.5216,
        "ndvi": 0.6816,
        "nir": 0.3475
      },
      {
        "Index": "2004-02-21",
        "evi": 0.5192,
        "ndvi": 0.6931,
        "nir": 0.344
      },
      {
        "Index": "2004-02-29",
        "evi": 0.5147,
        "ndvi": 0.7071,
        "nir": 0.3371
      },
      {
        "Index": "2004-03-08",
        "evi": 0.5087,
        "ndvi": 0.7223,
        "nir": 0.328
      },
      {
        "Index": "2004-03-16",
        "evi": 0.502,
        "ndvi": 0.7378,
        "nir": 0.3181
      },
      {
        "Index": "2004-03-24",
        "evi": 0.4955,
        "ndvi": 0.7522,
        "nir": 0.3089
      },
      {
        "Index": "2004-04-01",
        "evi": 0.4895,
        "ndvi": 0.7646,
        "nir": 0.3013
      },
      {
        "Index": "2004-04-09",
        "evi": 0.4843,
        "ndvi": 0.7742,
        "nir": 0.296
      },
      {
        "Index": "2004-04-17",
        "evi": 0.4796,
        "ndvi": 0.7807,
        "nir": 0.2927
      },
      {
        "Index": "2004-04-25",
        "evi": 0.4751,
        "ndvi": 0.7837,
        "nir": 0.2911
      },
      {
        "Index": "2004-05-03",
        "evi": 0.4703,
        "ndvi": 0.7833,
        "nir": 0.2902
      },
      {
        "Index": "2004-05-11",
        "evi": 0.4644,
        "ndvi": 0.7795,
        "nir": 0.2893
      },
      {
        "Index": "2004-05-19",
        "evi": 0.4571,
        "ndvi": 0.7724,
        "nir": 0.2876
      },
      {
        "Index": "2004-05-27",
        "evi": 0.448,
        "ndvi": 0.762,
        "nir": 0.2849
      },
      {
        "Index": "2004-06-04",
        "evi": 0.4371,
        "ndvi": 0.7484,
        "nir": 0.2812
      },
      {
        "Index": "2004-06-12",
        "evi": 0.4247,
        "ndvi": 0.7319,
        "nir": 0.2766
      },
      {
        "Index": "2004-06-20",
        "evi": 0.4111,
        "ndvi": 0.7128,
        "nir": 0.2716
      },
      {
        "Index": "2004-06-28",
        "evi": 0.3966,
        "ndvi": 0.6917,
        "nir": 0.2666
      },
      {
        "Index": "2004-07-06",
        "evi": 0.3819,
        "ndvi": 0.6693,
        "nir": 0.2617
      },
      {
        "Index": "2004-07-14",
        "evi": 0.3672,
        "ndvi": 0.6464,
        "nir": 0.2571
      },
      {
        "Index": "2004-07-22",
        "evi": 0.3528,
        "ndvi": 0.6236,
        "nir": 0.2528
      },
      {
        "Index": "2004-07-30",
        "evi": 0.3387,
        "ndvi": 0.6013,
        "nir": 0.2487
      },
      {
        "Index": "2004-08-07",
        "evi": 0.3249,
        "ndvi": 0.5796,
        "nir": 0.2446
      },
      {
        "Index": "2004-08-15",
        "evi": 0.3114,
        "ndvi": 0.5585,
        "nir": 0.2404
      },
      {
        "Index": "2004-08-23",
        "evi": 0.2979,
        "ndvi": 0.5376,
        "nir": 0.2362
      }
    ],
    "original_label": "",
    "n_members": 1
  },
  {
    "longitude": 0,
    "latitude": 0,
    "start_date": "2003-09-14",
    "end_date": "2004-08-28",
    "label": "Clear_cut2",
    "coverage": "mod13q1_512",
    "time_series": [
      {
        "Index": "2003-09-14",
        "evi": 0.4676,
        "ndvi": 0.7461,
        "nir": 0.2793
      },
      {
        "Index": "2003-09-22",
        "evi": 0.4947,
        "ndvi": 0.7852,
        "nir": 0.2968
      },
      {
        "Index": "2003-09-30",
        "evi": 0.5206,
        "ndvi": 0.8204,
        "nir": 0.3138
      },
      {
        "Index": "2003-10-08",
        "evi": 0.5443,
        "ndvi": 0.8481,
        "nir": 0.3297
      },
      {
        "Index": "2003-10-16",
        "evi": 0.5648,
        "ndvi": 0.8658,
        "nir": 0.3436
      },
      {
        "Index": "2003-10-24",
        "evi": 0.581,
        "ndvi": 0.8721,
        "nir": 0.355
      },
      {
        "Index": "2003-11-01",
        "evi": 0.5927,
        "ndvi": 0.868,
        "nir": 0.3633
      },
      {
        "Index": "2003-11-09",
        "evi": 0.5996,
        "ndvi": 0.8556,
        "nir": 0.368
      },
      {
        "Index": "2003-11-17",
        "evi": 0.6024,
        "ndvi": 0.8387,
        "nir": 0.3692
      },
      {
        "Index": "2003-11-25",
        "evi": 0.6017,
        "ndvi": 0.8212,
        "nir": 0.3671
      },
      {
        "Index": "2003-12-03",
        "evi": 0.5986,
        "ndvi": 0.8063,
        "nir": 0.3624
      },
      {
        "Index": "2003-12-11",
        "evi": 0.594,
        "ndvi": 0.7968,
        "nir": 0.3559
      },
      {
        "Index": "2003-12-19",
        "evi": 0.5891,
        "ndvi": 0.7933,
        "nir": 0.3489
      },
      {
        "Index": "2003-12-27",
        "evi": 0.5845,
        "ndvi": 0.7958,
        "nir": 0.3421
      },
      {
        "Index": "2004-01-04",
        "evi": 0.5809,
        "ndvi": 0.8027,
        "nir": 0.3366
      },
      {
        "Index": "2004-01-12",
        "evi": 0.5782,
        "ndvi": 0.812,
        "nir": 0.3328
      },
      {
        "Index": "2004-01-20",
        "evi": 0.5763,
        "ndvi": 0.8215,
        "nir": 0.3306
      },
      {
        "Index": "2004-01-28",
        "evi": 0.5748,
        "ndvi": 0.8294,
        "nir": 0.33
      },
      {
        "Index": "2004-02-05",
        "evi": 0.573,
        "ndvi": 0.8352,
        "nir": 0.3302
      },
      {
        "Index": "2004-02-13",
        "evi": 0.5707,
        "ndvi": 0.8387,
        "nir": 0.3306
      },
      {
        "Index": "2004-02-21",
        "evi": 0.5674,
        "ndvi": 0.8408,
        "nir": 0.3304
      },
      {
        "Index": "2004-02-29",
        "evi": 0.5627,
        "ndvi": 0.8424,
        "nir": 0.3292
      },
      {
        "Index": "2004-03-08",
        "evi": 0.5568,
        "ndvi": 0.8446,
        "nir": 0.3265
      },
      {
        "Index": "2004-03-16",
        "evi": 0.5496,
        "ndvi": 0.8479,
        "nir": 0.3223
      },
      {
        "Index": "2004-03-24",
        "evi": 0.5413,
        "ndvi": 0.8522,
        "nir": 0.3167
      },
      {
        "Index": "2004-04-01",
        "evi": 0.5321,
        "ndvi": 0.8568,
        "nir": 0.3102
      },
      {
        "Index": "2004-04-09",
        "evi": 0.5221,
        "ndvi": 0.8605,
        "nir": 0.3031
      },
      {
        "Index": "2004-04-17",
        "evi": 0.5115,
        "ndvi": 0.8619,
        "nir": 0.296
      },
      {
        "Index": "2004-04-25",
        "evi": 0.5003,
        "ndvi": 0.8596,
        "nir": 0.2893
      },
      {
        "Index": "2004-05-03",
        "evi": 0.4884,
        "ndvi": 0.8526,
        "nir": 0.2833
      },
      {
        "Index": "2004-05-11",
        "evi": 0.4757,
        "ndvi": 0.8405,
        "nir": 0.278
      },
      {
        "Index": "2004-05-19",
        "evi": 0.4622,
        "ndvi": 0.8237,
        "nir": 0.2735
      },
      {
        "Index": "2004-05-27",
        "evi": 0.4478,
        "ndvi": 0.8027,
        "nir": 0.2694
      },
      {
        "Index": "2004-06-04",
        "evi": 0.4325,
        "ndvi": 0.7787,
        "nir": 0.2657
      },
      {
        "Index": "2004-06-12",
        "evi": 0.4162,
        "ndvi": 0.7528,
        "nir": 0.2619
      },
      {
        "Index": "2004-06-20",
        "evi": 0.3991,
        "ndvi": 0.726,
        "nir": 0.2578
      },
      {
        "Index": "2004-06-28",
        "evi": 0.3811,
        "ndvi": 0.6989,
        "nir": 0.2531
      },
      {
        "Index": "2004-07-06",
        "evi": 0.3625,
        "ndvi": 0.6718,
        "nir": 0.2476
      },
      {
        "Index": "2004-07-14",
        "evi": 0.3432,
        "ndvi": 0.6446,
        "nir": 0.2412
      },
      {
        "Index": "2004-07-22",
        "evi": 0.3234,
        "ndvi": 0.617,
        "nir": 0.2339
      },
      {
        "Index": "2004-07-30",
        "evi": 0.3031,
        "ndvi": 0.5886,
        "nir": 0.2256
      },
      {
        "Index": "2004-08-07",
        "evi": 0.2824,
        "ndvi": 0.5593,
        "nir": 0.2166
      },
      {
        "Index": "2004-08-15",
        "evi": 0.2614,
        "ndvi": 0.5289,
        "nir": 0.207
      },
      {
        "Index": "2004-08-23",
        "evi": 0.2402,
        "ndvi": 0.4978,
        "nir": 0.1971
      }
    ],
    "original_label": "Clear_cut",
    "n_members": 10
  },
  {
    "longitude": 0,
    "latitude": 0,
    "start_date": "2006-09-14",
    "end_date": "2007-08-29",
    "label": "Crop_Cotton",
    "coverage": "mod13q1_512",
    "time_series": [
      {
        "Index": "2006-09-14",
        "ndvi": 0.3174,
        "evi": 0.2001,
        "nir": 0.2465
      },
      {
        "Index": "2006-09-22",
        "ndvi": 0.3438,
        "evi": 0.2182,
        "nir": 0.2499
      },
      {
        "Index": "2006-09-30",
        "ndvi": 0.3726,
        "evi": 0.2392,
        "nir": 0.2553
      },
      {
        "Index": "2006-10-08",
        "ndvi": 0.4051,
        "evi": 0.2652,
        "nir": 0.2645
      },
      {
        "Index": "2006-10-16",
        "ndvi": 0.4399,
        "evi": 0.2954,
        "nir": 0.2775
      },
      {
        "Index": "2006-10-24",
        "ndvi": 0.4741,
        "evi": 0.3274,
        "nir": 0.2932
      },
      {
        "Index": "2006-11-01",
        "ndvi": 0.502,
        "evi": 0.3558,
        "nir": 0.3089
      },
      {
        "Index": "2006-11-09",
        "ndvi": 0.5179,
        "evi": 0.3752,
        "nir": 0.3213
      },
      {
        "Index": "2006-11-17",
        "ndvi": 0.5179,
        "evi": 0.3815,
        "nir": 0.3279
      },
      {
        "Index": "2006-11-25",
        "ndvi": 0.5001,
        "evi": 0.3728,
        "nir": 0.3269
      },
      {
        "Index": "2006-12-03",
        "ndvi": 0.4686,
        "evi": 0.3524,
        "nir": 0.3195
      },
      {
        "Index": "2006-12-11",
        "ndvi": 0.4295,
        "evi": 0.3261,
        "nir": 0.3081
      },
      {
        "Index": "2006-12-19",
        "ndvi": 0.3929,
        "evi": 0.3032,
        "nir": 0.2975
      },
      {
        "Index": "2006-12-27",
        "ndvi": 0.3693,
        "evi": 0.2936,
        "nir": 0.2928
      },
      {
        "Index": "2007-01-04",
        "ndvi": 0.367,
        "evi": 0.3046,
        "nir": 0.2983
      },
      {
        "Index": "2007-01-12",
        "ndvi": 0.3898,
        "evi": 0.3393,
        "nir": 0.3162
      },
      {
        "Index": "2007-01-20",
        "ndvi": 0.4373,
        "evi": 0.3963,
        "nir": 0.3462
      },
      {
        "Index": "2007-01-28",
        "ndvi": 0.5051,
        "evi": 0.4705,
        "nir": 0.386
      },
      {
        "Index": "2007-02-05",
        "ndvi": 0.5851,
        "evi": 0.5529,
        "nir": 0.4308
      },
      {
        "Index": "2007-02-13",
        "ndvi": 0.6685,
        "evi": 0.6342,
        "nir": 0.4752
      },
      {
        "Index": "2007-02-21",
        "ndvi": 0.7467,
        "evi": 0.7053,
        "nir": 0.5135
      },
      {
        "Index": "2007-03-01",
        "ndvi": 0.8129,
        "evi": 0.7593,
        "nir": 0.541
      },
      {
        "Index": "2007-03-09",
        "ndvi": 0.8632,
        "evi": 0.7929,
        "nir": 0.5553
      },
      {
        "Index": "2007-03-17",
        "ndvi": 0.8958,
        "evi": 0.8049,
        "nir": 0.5552
      },
      {
        "Index": "2007-03-25",
        "ndvi": 0.9114,
        "evi": 0.7975,
        "nir": 0.5419
      },
      {
        "Index": "2007-04-02",
        "ndvi": 0.911,
        "evi": 0.773,
        "nir": 0.5177
      },
      {
        "Index": "2007-04-10",
        "ndvi": 0.8958,
        "evi": 0.7346,
        "nir": 0.4857
      },
      {
        "Index": "2007-04-18",
        "ndvi": 0.867,
        "evi": 0.6852,
        "nir": 0.449
      },
      {
        "Index": "2007-04-26",
        "ndvi": 0.8251,
        "evi": 0.6268,
        "nir": 0.4106
      },
      {
        "Index": "2007-05-04",
        "ndvi": 0.7711,
        "evi": 0.5616,
        "nir": 0.3729
      },
      {
        "Index": "2007-05-12",
        "ndvi": 0.707,
        "evi": 0.4922,
        "nir": 0.3377
      },
      {
        "Index": "2007-05-20",
        "ndvi": 0.6359,
        "evi": 0.4218,
        "nir": 0.3066
      },
      {
        "Index": "2007-05-28",
        "ndvi": 0.5626,
        "evi": 0.3546,
        "nir": 0.2807
      },
      {
        "Index": "2007-06-05",
        "ndvi": 0.4923,
        "evi": 0.2946,
        "nir": 0.2606
      },
      {
        "Index": "2007-06-13",
        "ndvi": 0.4303,
        "evi": 0.2459,
        "nir": 0.2468
      },
      {
        "Index": "2007-06-21",
        "ndvi": 0.3802,
        "evi": 0.2108,
        "nir": 0.2391
      },
      {
        "Index": "2007-06-29",
        "ndvi": 0.3438,
        "evi": 0.1894,
        "nir": 0.2366
      },
      {
        "Index": "2007-07-07",
        "ndvi": 0.3203,
        "evi": 0.18,
        "nir": 0.2381
      },
      {
        "Index": "2007-07-15",
        "ndvi": 0.3064,
        "evi": 0.1784,
        "nir": 0.2419
      },
      {
        "Index": "2007-07-23",
        "ndvi": 0.2982,
        "evi": 0.1803,
        "nir": 0.2464
      },
      {
        "Index": "2007-07-31",
        "ndvi": 0.291,
        "evi": 0.181,
        "nir": 0.25
      },
      {
        "Index": "2007-08-08",
        "ndvi": 0.2818,
        "evi": 0.1776,
        "nir": 0.252
      },
      {
        "Index": "2007-08-16",
        "ndvi": 0.2692,
        "evi": 0.1694,
        "nir": 0.2522
      },
      {
        "Index": "2007-08-24",
        "ndvi": 0.2535,
        "evi": 0.1572,
        "nir": 0.2509
      }
    ]
  },
  {
    "longitude": 0,
    "latitude": 0,
    "start_date": "2006-09-14",
    "end_date": "2007-08-29",
    "label": "Fallow_Cotton",
    "coverage": "mod13q1_512",
    "time_series": [
      {
        "Index": "2006-09-14",
        "ndvi": 0.2818,
        "evi": 0.1712,
        "nir": 0.2342
      },
      {
        "Index": "2006-09-22",
        "ndvi": 0.3032,
        "evi": 0.1785,
        "nir": 0.2287
      },
      {
        "Index": "2006-09-30",
        "ndvi": 0.3238,
        "evi": 0.1864,
        "nir": 0.2246
      },
      {
        "Index": "2006-10-08",
        "ndvi": 0.3429,
        "evi": 0.1952,
        "nir": 0.2232
      },
      {
        "Index": "2006-10-16",
        "ndvi": 0.359,
        "evi": 0.2046,
        "nir": 0.2251
      },
      {
        "Index": "2006-10-24",
        "ndvi": 0.371,
        "evi": 0.2141,
        "nir": 0.2301
      },
      {
        "Index": "2006-11-01",
        "ndvi": 0.3775,
        "evi": 0.2224,
        "nir": 0.237
      },
      {
        "Index": "2006-11-09",
        "ndvi": 0.3776,
        "evi": 0.2283,
        "nir": 0.2442
      },
      {
        "Index": "2006-11-17",
        "ndvi": 0.3709,
        "evi": 0.2307,
        "nir": 0.2499
      },
      {
        "Index": "2006-11-25",
        "ndvi": 0.358,
        "evi": 0.2293,
        "nir": 0.2528
      },
      {
        "Index": "2006-12-03",
        "ndvi": 0.3403,
        "evi": 0.2249,
        "nir": 0.2526
      },
      {
        "Index": "2006-12-11",
        "ndvi": 0.3203,
        "evi": 0.2191,
        "nir": 0.2498
      },
      {
        "Index": "2006-12-19",
        "ndvi": 0.3016,
        "evi": 0.2145,
        "nir": 0.2459
      },
      {
        "Index": "2006-12-27",
        "ndvi": 0.2883,
        "evi": 0.2143,
        "nir": 0.2431
      },
      {
        "Index": "2007-01-04",
        "ndvi": 0.2846,
        "evi": 0.2213,
        "nir": 0.2436
      },
      {
        "Index": "2007-01-12",
        "ndvi": 0.2942,
        "evi": 0.238,
        "nir": 0.2489
      },
      {
        "Index": "2007-01-20",
        "ndvi": 0.3196,
        "evi": 0.2656,
        "nir": 0.2603
      },
      {
        "Index": "2007-01-28",
        "ndvi": 0.3622,
        "evi": 0.3048,
        "nir": 0.2779
      },
      {
        "Index": "2007-02-05",
        "ndvi": 0.4208,
        "evi": 0.3545,
        "nir": 0.3011
      },
      {
        "Index": "2007-02-13",
        "ndvi": 0.4928,
        "evi": 0.4129,
        "nir": 0.3287
      },
      {
        "Index": "2007-02-21",
        "ndvi": 0.5735,
        "evi": 0.4771,
        "nir": 0.359
      },
      {
        "Index": "2007-03-01",
        "ndvi": 0.6571,
        "evi": 0.5436,
        "nir": 0.3901
      },
      {
        "Index": "2007-03-09",
        "ndvi": 0.7373,
        "evi": 0.6083,
        "nir": 0.4199
      },
      {
        "Index": "2007-03-17",
        "ndvi": 0.8082,
        "evi": 0.6668,
        "nir": 0.4464
      },
      {
        "Index": "2007-03-25",
        "ndvi": 0.8647,
        "evi": 0.7146,
        "nir": 0.4675
      },
      {
        "Index": "2007-04-02",
        "ndvi": 0.9033,
        "evi": 0.7479,
        "nir": 0.4815
      },
      {
        "Index": "2007-04-10",
        "ndvi": 0.9224,
        "evi": 0.7632,
        "nir": 0.4867
      },
      {
        "Index": "2007-04-18",
        "ndvi": 0.9218,
        "evi": 0.7585,
        "nir": 0.482
      },
      {
        "Index": "2007-04-26",
        "ndvi": 0.903,
        "evi": 0.7333,
        "nir": 0.4672
      },
      {
        "Index": "2007-05-04",
        "ndvi": 0.8683,
        "evi": 0.689,
        "nir": 0.4428
      },
      {
        "Index": "2007-05-12",
        "ndvi": 0.8206,
        "evi": 0.629,
        "nir": 0.4107
      },
      {
        "Index": "2007-05-20",
        "ndvi": 0.763,
        "evi": 0.558,
        "nir": 0.3735
      },
      {
        "Index": "2007-05-28",
        "ndvi": 0.6986,
        "evi": 0.482,
        "nir": 0.3347
      },
      {
        "Index": "2007-06-05",
        "ndvi": 0.6304,
        "evi": 0.4069,
        "nir": 0.2977
      },
      {
        "Index": "2007-06-13",
        "ndvi": 0.5612,
        "evi": 0.3381,
        "nir": 0.2657
      },
      {
        "Index": "2007-06-21",
        "ndvi": 0.4938,
        "evi": 0.2796,
        "nir": 0.2408
      },
      {
        "Index": "2007-06-29",
        "ndvi": 0.4309,
        "evi": 0.2334,
        "nir": 0.224
      },
      {
        "Index": "2007-07-07",
        "ndvi": 0.3749,
        "evi": 0.1997,
        "nir": 0.215
      },
      {
        "Index": "2007-07-15",
        "ndvi": 0.328,
        "evi": 0.1768,
        "nir": 0.2122
      },
      {
        "Index": "2007-07-23",
        "ndvi": 0.2913,
        "evi": 0.1623,
        "nir": 0.2135
      },
      {
        "Index": "2007-07-31",
        "ndvi": 0.2651,
        "evi": 0.153,
        "nir": 0.2169
      },
      {
        "Index": "2007-08-08",
        "ndvi": 0.2485,
        "evi": 0.1464,
        "nir": 0.2207
      },
      {
        "Index": "2007-08-16",
        "ndvi": 0.2392,
        "evi": 0.1408,
        "nir": 0.2238
      },
      {
        "Index": "2007-08-24",
        "ndvi": 0.2348,
        "evi": 0.1351,
        "nir": 0.2262
      }
    ]
  },
  {
    "longitude": 0,
    "latitude": 0,
    "start_date": "2000-09-13",
    "end_date": "2001-08-23",
    "label": "Forest",
    "coverage": "mod13q1_512",
    "time_series": [
      {
        "Index": "2000-09-13",
        "ndvi": 0.7435,
        "evi": 0.4651,
        "nir": 0.2846
      },
      {
        "Index": "2000-09-21",
        "ndvi": 0.7469,
        "evi": 0.4753,
        "nir": 0.2943
      },
      {
        "Index": "2000-09-29",
        "ndvi": 0.7502,
        "evi": 0.4851,
        "nir": 0.3034
      },
      {
        "Index": "2000-10-07",
        "ndvi": 0.7536,
        "evi": 0.4937,
        "nir": 0.3112
      },
      {
        "Index": "2000-10-15",
        "ndvi": 0.757,
        "evi": 0.5009,
        "nir": 0.317
      },
      {
        "Index": "2000-10-23",
        "ndvi": 0.7601,
        "evi": 0.5067,
        "nir": 0.321
      },
      {
        "Index": "2000-10-31",
        "ndvi": 0.7626,
        "evi": 0.512,
        "nir": 0.3237
      },
      {
        "Index": "2000-11-08",
        "ndvi": 0.7641,
        "evi": 0.5177,
        "nir": 0.326
      },
      {
        "Index": "2000-11-16",
        "ndvi": 0.7644,
        "evi": 0.5247,
        "nir": 0.3291
      },
      {
        "Index": "2000-11-24",
        "ndvi": 0.7635,
        "evi": 0.533,
        "nir": 0.3333
      },
      {
        "Index": "2000-12-02",
        "ndvi": 0.7616,
        "evi": 0.5421,
        "nir": 0.3385
      },
      {
        "Index": "2000-12-10",
        "ndvi": 0.7591,
        "evi": 0.5505,
        "nir": 0.3437
      },
      {
        "Index": "2000-12-18",
        "ndvi": 0.7567,
        "evi": 0.5564,
        "nir": 0.3477
      },
      {
        "Index": "2000-12-26",
        "ndvi": 0.7546,
        "evi": 0.5582,
        "nir": 0.3494
      },
      {
        "Index": "2001-01-03",
        "ndvi": 0.753,
        "evi": 0.5551,
        "nir": 0.348
      },
      {
        "Index": "2001-01-11",
        "ndvi": 0.7518,
        "evi": 0.5472,
        "nir": 0.3436
      },
      {
        "Index": "2001-01-19",
        "ndvi": 0.7508,
        "evi": 0.5356,
        "nir": 0.3369
      },
      {
        "Index": "2001-01-27",
        "ndvi": 0.7498,
        "evi": 0.5221,
        "nir": 0.329
      },
      {
        "Index": "2001-02-04",
        "ndvi": 0.7486,
        "evi": 0.5086,
        "nir": 0.3211
      },
      {
        "Index": "2001-02-12",
        "ndvi": 0.7473,
        "evi": 0.4973,
        "nir": 0.3145
      },
      {
        "Index": "2001-02-20",
        "ndvi": 0.7464,
        "evi": 0.4897,
        "nir": 0.3098
      },
      {
        "Index": "2001-02-28",
        "ndvi": 0.7466,
        "evi": 0.4863,
        "nir": 0.307
      },
      {
        "Index": "2001-03-08",
        "ndvi": 0.7488,
        "evi": 0.4866,
        "nir": 0.3054
      },
      {
        "Index": "2001-03-16",
        "ndvi": 0.7536,
        "evi": 0.4891,
        "nir": 0.304
      },
      {
        "Index": "2001-03-24",
        "ndvi": 0.7614,
        "evi": 0.4921,
        "nir": 0.3016
      },
      {
        "Index": "2001-04-01",
        "ndvi": 0.7722,
        "evi": 0.4939,
        "nir": 0.2974
      },
      {
        "Index": "2001-04-09",
        "ndvi": 0.785,
        "evi": 0.493,
        "nir": 0.2913
      },
      {
        "Index": "2001-04-17",
        "ndvi": 0.7984,
        "evi": 0.4889,
        "nir": 0.2836
      },
      {
        "Index": "2001-04-25",
        "ndvi": 0.8112,
        "evi": 0.4816,
        "nir": 0.2751
      },
      {
        "Index": "2001-05-03",
        "ndvi": 0.822,
        "evi": 0.4721,
        "nir": 0.2665
      },
      {
        "Index": "2001-05-11",
        "ndvi": 0.8298,
        "evi": 0.4614,
        "nir": 0.2589
      },
      {
        "Index": "2001-05-19",
        "ndvi": 0.8344,
        "evi": 0.4509,
        "nir": 0.2528
      },
      {
        "Index": "2001-05-27",
        "ndvi": 0.8356,
        "evi": 0.4418,
        "nir": 0.2484
      },
      {
        "Index": "2001-06-04",
        "ndvi": 0.8344,
        "evi": 0.4349,
        "nir": 0.2456
      },
      {
        "Index": "2001-06-12",
        "ndvi": 0.8314,
        "evi": 0.4306,
        "nir": 0.2442
      },
      {
        "Index": "2001-06-20",
        "ndvi": 0.8276,
        "evi": 0.429,
        "nir": 0.244
      },
      {
        "Index": "2001-06-28",
        "ndvi": 0.8237,
        "evi": 0.4298,
        "nir": 0.2448
      },
      {
        "Index": "2001-07-06",
        "ndvi": 0.8201,
        "evi": 0.4326,
        "nir": 0.2466
      },
      {
        "Index": "2001-07-14",
        "ndvi": 0.8169,
        "evi": 0.4369,
        "nir": 0.2495
      },
      {
        "Index": "2001-07-22",
        "ndvi": 0.8142,
        "evi": 0.4424,
        "nir": 0.2536
      },
      {
        "Index": "2001-07-30",
        "ndvi": 0.8117,
        "evi": 0.4485,
        "nir": 0.2589
      },
      {
        "Index": "2001-08-07",
        "ndvi": 0.8095,
        "evi": 0.4551,
        "nir": 0.2652
      },
      {
        "Index": "2001-08-15",
        "ndvi": 0.8072,
        "evi": 0.4618,
        "nir": 0.2722
      },
      {
        "Index": "2001-08-23",
        "ndvi": 0.805,
        "evi": 0.4686,
        "nir": 0.2795
      }
    ]
  },
  {
    "longitude": 0,
    "latitude": 0,
    "start_date": "2004-09-13",
    "end_date": "2005-08-23",
    "label": "Pasture1",
    "coverage": "mod13q1_512",
    "time_series": [
      {
        "Index": "2004-09-13",
        "ndvi": 0.4286,
        "evi": 0.2599,
        "nir": 0.2652
      },
      {
        "Index": "2004-09-21",
        "ndvi": 0.4609,
        "evi": 0.2823,
        "nir": 0.2709
      },
      {
        "Index": "2004-09-29",
        "ndvi": 0.4917,
        "evi": 0.3046,
        "nir": 0.2769
      },
      {
        "Index": "2004-10-07",
        "ndvi": 0.5194,
        "evi": 0.3265,
        "nir": 0.2834
      },
      {
        "Index": "2004-10-15",
        "ndvi": 0.5429,
        "evi": 0.3479,
        "nir": 0.2903
      },
      {
        "Index": "2004-10-23",
        "ndvi": 0.5617,
        "evi": 0.3684,
        "nir": 0.2977
      },
      {
        "Index": "2004-10-31",
        "ndvi": 0.5761,
        "evi": 0.3875,
        "nir": 0.3053
      },
      {
        "Index": "2004-11-08",
        "ndvi": 0.587,
        "evi": 0.4049,
        "nir": 0.313
      },
      {
        "Index": "2004-11-16",
        "ndvi": 0.5953,
        "evi": 0.4202,
        "nir": 0.3203
      },
      {
        "Index": "2004-11-24",
        "ndvi": 0.6021,
        "evi": 0.4331,
        "nir": 0.3269
      },
      {
        "Index": "2004-12-02",
        "ndvi": 0.6078,
        "evi": 0.4434,
        "nir": 0.3326
      },
      {
        "Index": "2004-12-10",
        "ndvi": 0.6126,
        "evi": 0.4512,
        "nir": 0.3374
      },
      {
        "Index": "2004-12-18",
        "ndvi": 0.6165,
        "evi": 0.4568,
        "nir": 0.3414
      },
      {
        "Index": "2004-12-26",
        "ndvi": 0.6193,
        "evi": 0.4606,
        "nir": 0.3446
      },
      {
        "Index": "2005-01-03",
        "ndvi": 0.6211,
        "evi": 0.4633,
        "nir": 0.3474
      },
      {
        "Index": "2005-01-11",
        "ndvi": 0.6228,
        "evi": 0.4656,
        "nir": 0.3497
      },
      {
        "Index": "2005-01-19",
        "ndvi": 0.6252,
        "evi": 0.4682,
        "nir": 0.3518
      },
      {
        "Index": "2005-01-27",
        "ndvi": 0.6296,
        "evi": 0.4713,
        "nir": 0.3535
      },
      {
        "Index": "2005-02-04",
        "ndvi": 0.6365,
        "evi": 0.4751,
        "nir": 0.3548
      },
      {
        "Index": "2005-02-12",
        "ndvi": 0.6462,
        "evi": 0.4793,
        "nir": 0.3554
      },
      {
        "Index": "2005-02-20",
        "ndvi": 0.6579,
        "evi": 0.483,
        "nir": 0.3551
      },
      {
        "Index": "2005-02-28",
        "ndvi": 0.6704,
        "evi": 0.4856,
        "nir": 0.3539
      },
      {
        "Index": "2005-03-08",
        "ndvi": 0.6816,
        "evi": 0.4861,
        "nir": 0.3516
      },
      {
        "Index": "2005-03-16",
        "ndvi": 0.6899,
        "evi": 0.4841,
        "nir": 0.3483
      },
      {
        "Index": "2005-03-24",
        "ndvi": 0.694,
        "evi": 0.4793,
        "nir": 0.3442
      },
      {
        "Index": "2005-04-01",
        "ndvi": 0.6934,
        "evi": 0.4719,
        "nir": 0.3395
      },
      {
        "Index": "2005-04-09",
        "ndvi": 0.6887,
        "evi": 0.4624,
        "nir": 0.3345
      },
      {
        "Index": "2005-04-17",
        "ndvi": 0.6808,
        "evi": 0.4515,
        "nir": 0.3291
      },
      {
        "Index": "2005-04-25",
        "ndvi": 0.6711,
        "evi": 0.4396,
        "nir": 0.3235
      },
      {
        "Index": "2005-05-03",
        "ndvi": 0.6605,
        "evi": 0.427,
        "nir": 0.3176
      },
      {
        "Index": "2005-05-11",
        "ndvi": 0.6491,
        "evi": 0.4136,
        "nir": 0.3111
      },
      {
        "Index": "2005-05-19",
        "ndvi": 0.6364,
        "evi": 0.3989,
        "nir": 0.304
      },
      {
        "Index": "2005-05-27",
        "ndvi": 0.6208,
        "evi": 0.3823,
        "nir": 0.2961
      },
      {
        "Index": "2005-06-04",
        "ndvi": 0.6009,
        "evi": 0.3633,
        "nir": 0.2876
      },
      {
        "Index": "2005-06-12",
        "ndvi": 0.5757,
        "evi": 0.3418,
        "nir": 0.2787
      },
      {
        "Index": "2005-06-20",
        "ndvi": 0.5451,
        "evi": 0.3184,
        "nir": 0.2698
      },
      {
        "Index": "2005-06-28",
        "ndvi": 0.5106,
        "evi": 0.2944,
        "nir": 0.2617
      },
      {
        "Index": "2005-07-06",
        "ndvi": 0.475,
        "evi": 0.2715,
        "nir": 0.2551
      },
      {
        "Index": "2005-07-14",
        "ndvi": 0.4418,
        "evi": 0.2519,
        "nir": 0.2506
      },
      {
        "Index": "2005-07-22",
        "ndvi": 0.4145,
        "evi": 0.2372,
        "nir": 0.2487
      },
      {
        "Index": "2005-07-30",
        "ndvi": 0.3956,
        "evi": 0.2286,
        "nir": 0.2495
      },
      {
        "Index": "2005-08-07",
        "ndvi": 0.3864,
        "evi": 0.2263,
        "nir": 0.2529
      },
      {
        "Index": "2005-08-15",
        "ndvi": 0.3854,
        "evi": 0.2292,
        "nir": 0.2584
      },
      {
        "Index": "2005-08-23",
        "ndvi": 0.3906,
        "evi": 0.2358,
        "nir": 0.2653
      }
    ]
  },
  {
    "longitude": 0,
    "latitude": 0,
    "start_date": "2006-09-14",
    "end_date": "2007-08-29",
    "label": "Pasture2",
    "coverage": "mod13q1_512",
    "time_series": [
      {
        "Index": "2006-09-14",
        "ndvi": 0.4428,
        "evi": 0.2734,
        "nir": 0.2764
      },
      {
        "Index": "2006-09-22",
        "ndvi": 0.4955,
        "evi": 0.3187,
        "nir": 0.2936
      },
      {
        "Index": "2006-09-30",
        "ndvi": 0.5441,
        "evi": 0.3616,
        "nir": 0.3099
      },
      {
        "Index": "2006-10-08",
        "ndvi": 0.5849,
        "evi": 0.4,
        "nir": 0.3247
      },
      {
        "Index": "2006-10-16",
        "ndvi": 0.6163,
        "evi": 0.4323,
        "nir": 0.3374
      },
      {
        "Index": "2006-10-24",
        "ndvi": 0.6378,
        "evi": 0.4576,
        "nir": 0.3477
      },
      {
        "Index": "2006-11-01",
        "ndvi": 0.6517,
        "evi": 0.4764,
        "nir": 0.3559
      },
      {
        "Index": "2006-11-09",
        "ndvi": 0.6612,
        "evi": 0.4896,
        "nir": 0.3625
      },
      {
        "Index": "2006-11-17",
        "ndvi": 0.6691,
        "evi": 0.4991,
        "nir": 0.368
      },
      {
        "Index": "2006-11-25",
        "ndvi": 0.6775,
        "evi": 0.5063,
        "nir": 0.373
      },
      {
        "Index": "2006-12-03",
        "ndvi": 0.686,
        "evi": 0.5126,
        "nir": 0.378
      },
      {
        "Index": "2006-12-11",
        "ndvi": 0.6929,
        "evi": 0.5184,
        "nir": 0.3829
      },
      {
        "Index": "2006-12-19",
        "ndvi": 0.695,
        "evi": 0.5235,
        "nir": 0.3874
      },
      {
        "Index": "2006-12-27",
        "ndvi": 0.6891,
        "evi": 0.5269,
        "nir": 0.391
      },
      {
        "Index": "2007-01-04",
        "ndvi": 0.6736,
        "evi": 0.5273,
        "nir": 0.3931
      },
      {
        "Index": "2007-01-12",
        "ndvi": 0.6495,
        "evi": 0.5237,
        "nir": 0.3932
      },
      {
        "Index": "2007-01-20",
        "ndvi": 0.6205,
        "evi": 0.5156,
        "nir": 0.3908
      },
      {
        "Index": "2007-01-28",
        "ndvi": 0.5913,
        "evi": 0.5028,
        "nir": 0.3859
      },
      {
        "Index": "2007-02-05",
        "ndvi": 0.5677,
        "evi": 0.4865,
        "nir": 0.3789
      },
      {
        "Index": "2007-02-13",
        "ndvi": 0.5543,
        "evi": 0.4682,
        "nir": 0.3701
      },
      {
        "Index": "2007-02-21",
        "ndvi": 0.5534,
        "evi": 0.4497,
        "nir": 0.3604
      },
      {
        "Index": "2007-03-01",
        "ndvi": 0.5647,
        "evi": 0.433,
        "nir": 0.3503
      },
      {
        "Index": "2007-03-09",
        "ndvi": 0.5847,
        "evi": 0.4191,
        "nir": 0.3404
      },
      {
        "Index": "2007-03-17",
        "ndvi": 0.6083,
        "evi": 0.4086,
        "nir": 0.3311
      },
      {
        "Index": "2007-03-25",
        "ndvi": 0.6291,
        "evi": 0.4009,
        "nir": 0.3227
      },
      {
        "Index": "2007-04-02",
        "ndvi": 0.642,
        "evi": 0.395,
        "nir": 0.315
      },
      {
        "Index": "2007-04-10",
        "ndvi": 0.6435,
        "evi": 0.389,
        "nir": 0.3079
      },
      {
        "Index": "2007-04-18",
        "ndvi": 0.6327,
        "evi": 0.3813,
        "nir": 0.3012
      },
      {
        "Index": "2007-04-26",
        "ndvi": 0.6115,
        "evi": 0.3707,
        "nir": 0.2947
      },
      {
        "Index": "2007-05-04",
        "ndvi": 0.5832,
        "evi": 0.3563,
        "nir": 0.2883
      },
      {
        "Index": "2007-05-12",
        "ndvi": 0.5522,
        "evi": 0.3385,
        "nir": 0.2818
      },
      {
        "Index": "2007-05-20",
        "ndvi": 0.522,
        "evi": 0.3184,
        "nir": 0.2754
      },
      {
        "Index": "2007-05-28",
        "ndvi": 0.4953,
        "evi": 0.2975,
        "nir": 0.2692
      },
      {
        "Index": "2007-06-05",
        "ndvi": 0.473,
        "evi": 0.2775,
        "nir": 0.2634
      },
      {
        "Index": "2007-06-13",
        "ndvi": 0.4545,
        "evi": 0.2602,
        "nir": 0.2585
      },
      {
        "Index": "2007-06-21",
        "ndvi": 0.4385,
        "evi": 0.2464,
        "nir": 0.2546
      },
      {
        "Index": "2007-06-29",
        "ndvi": 0.4234,
        "evi": 0.2365,
        "nir": 0.2521
      },
      {
        "Index": "2007-07-07",
        "ndvi": 0.4079,
        "evi": 0.23,
        "nir": 0.2511
      },
      {
        "Index": "2007-07-15",
        "ndvi": 0.3919,
        "evi": 0.2258,
        "nir": 0.2517
      },
      {
        "Index": "2007-07-23",
        "ndvi": 0.3753,
        "evi": 0.2228,
        "nir": 0.254
      },
      {
        "Index": "2007-07-31",
        "ndvi": 0.3589,
        "evi": 0.2196,
        "nir": 0.2578
      },
      {
        "Index": "2007-08-08",
        "ndvi": 0.3433,
        "evi": 0.2154,
        "nir": 0.2629
      },
      {
        "Index": "2007-08-16",
        "ndvi": 0.3288,
        "evi": 0.2101,
        "nir": 0.2689
      },
      {
        "Index": "2007-08-24",
        "ndvi": 0.3153,
        "evi": 0.2036,
        "nir": 0.2754
      }
    ]
  },
  {
    "longitude": 0,
    "latitude": 0,
    "start_date": "2015-09-14",
    "end_date": "2016-08-28",
    "label": "Pasture3",
    "coverage": "mod13q1_512",
    "time_series": [
      {
        "Index": "2015-09-14",
        "ndvi": 0.4594,
        "evi": 0.3039,
        "nir": 0.3082
      },
      {
        "Index": "2015-09-22",
        "ndvi": 0.43,
        "evi": 0.2826,
        "nir": 0.2932
      },
      {
        "Index": "2015-09-30",
        "ndvi": 0.4082,
        "evi": 0.2659,
        "nir": 0.2798
      },
      {
        "Index": "2015-10-08",
        "ndvi": 0.4008,
        "evi": 0.258,
        "nir": 0.2696
      },
      {
        "Index": "2015-10-16",
        "ndvi": 0.4115,
        "evi": 0.2621,
        "nir": 0.2642
      },
      {
        "Index": "2015-10-24",
        "ndvi": 0.4416,
        "evi": 0.28,
        "nir": 0.265
      },
      {
        "Index": "2015-11-01",
        "ndvi": 0.4873,
        "evi": 0.311,
        "nir": 0.2729
      },
      {
        "Index": "2015-11-09",
        "ndvi": 0.5429,
        "evi": 0.3533,
        "nir": 0.2881
      },
      {
        "Index": "2015-11-17",
        "ndvi": 0.6009,
        "evi": 0.4034,
        "nir": 0.3101
      },
      {
        "Index": "2015-11-25",
        "ndvi": 0.6543,
        "evi": 0.4576,
        "nir": 0.3376
      },
      {
        "Index": "2015-12-03",
        "ndvi": 0.6991,
        "evi": 0.5124,
        "nir": 0.3687
      },
      {
        "Index": "2015-12-11",
        "ndvi": 0.7326,
        "evi": 0.5647,
        "nir": 0.4009
      },
      {
        "Index": "2015-12-19",
        "ndvi": 0.756,
        "evi": 0.6118,
        "nir": 0.4315
      },
      {
        "Index": "2015-12-27",
        "ndvi": 0.7714,
        "evi": 0.6515,
        "nir": 0.4577
      },
      {
        "Index": "2016-01-04",
        "ndvi": 0.7811,
        "evi": 0.6818,
        "nir": 0.4771
      },
      {
        "Index": "2016-01-12",
        "ndvi": 0.7869,
        "evi": 0.7005,
        "nir": 0.488
      },
      {
        "Index": "2016-01-20",
        "ndvi": 0.7889,
        "evi": 0.7062,
        "nir": 0.4896
      },
      {
        "Index": "2016-01-28",
        "ndvi": 0.7868,
        "evi": 0.698,
        "nir": 0.4821
      },
      {
        "Index": "2016-02-05",
        "ndvi": 0.7791,
        "evi": 0.6765,
        "nir": 0.4668
      },
      {
        "Index": "2016-02-13",
        "ndvi": 0.7653,
        "evi": 0.644,
        "nir": 0.446
      },
      {
        "Index": "2016-02-21",
        "ndvi": 0.7463,
        "evi": 0.6045,
        "nir": 0.4225
      },
      {
        "Index": "2016-02-29",
        "ndvi": 0.7244,
        "evi": 0.5632,
        "nir": 0.3993
      },
      {
        "Index": "2016-03-08",
        "ndvi": 0.7036,
        "evi": 0.5261,
        "nir": 0.3792
      },
      {
        "Index": "2016-03-16",
        "ndvi": 0.6882,
        "evi": 0.4981,
        "nir": 0.3642
      },
      {
        "Index": "2016-03-24",
        "ndvi": 0.6819,
        "evi": 0.4825,
        "nir": 0.355
      },
      {
        "Index": "2016-04-01",
        "ndvi": 0.6864,
        "evi": 0.4801,
        "nir": 0.3516
      },
      {
        "Index": "2016-04-09",
        "ndvi": 0.7004,
        "evi": 0.4883,
        "nir": 0.3525
      },
      {
        "Index": "2016-04-17",
        "ndvi": 0.7206,
        "evi": 0.5029,
        "nir": 0.3556
      },
      {
        "Index": "2016-04-25",
        "ndvi": 0.7405,
        "evi": 0.5173,
        "nir": 0.3587
      },
      {
        "Index": "2016-05-03",
        "ndvi": 0.754,
        "evi": 0.5258,
        "nir": 0.3596
      },
      {
        "Index": "2016-05-11",
        "ndvi": 0.7553,
        "evi": 0.5232,
        "nir": 0.3569
      },
      {
        "Index": "2016-05-19",
        "ndvi": 0.7407,
        "evi": 0.507,
        "nir": 0.35
      },
      {
        "Index": "2016-05-27",
        "ndvi": 0.7101,
        "evi": 0.4777,
        "nir": 0.3394
      },
      {
        "Index": "2016-06-04",
        "ndvi": 0.6657,
        "evi": 0.4377,
        "nir": 0.326
      },
      {
        "Index": "2016-06-12",
        "ndvi": 0.6127,
        "evi": 0.3921,
        "nir": 0.3115
      },
      {
        "Index": "2016-06-20",
        "ndvi": 0.557,
        "evi": 0.3459,
        "nir": 0.2974
      },
      {
        "Index": "2016-06-28",
        "ndvi": 0.5047,
        "evi": 0.3039,
        "nir": 0.285
      },
      {
        "Index": "2016-07-06",
        "ndvi": 0.4603,
        "evi": 0.2698,
        "nir": 0.2752
      },
      {
        "Index": "2016-07-14",
        "ndvi": 0.4265,
        "evi": 0.2449,
        "nir": 0.268
      },
      {
        "Index": "2016-07-22",
        "ndvi": 0.404,
        "evi": 0.2294,
        "nir": 0.2632
      },
      {
        "Index": "2016-07-30",
        "ndvi": 0.3916,
        "evi": 0.2216,
        "nir": 0.2602
      },
      {
        "Index": "2016-08-07",
        "ndvi": 0.3871,
        "evi": 0.2196,
        "nir": 0.2583
      },
      {
        "Index": "2016-08-15",
        "ndvi": 0.388,
        "evi": 0.2213,
        "nir": 0.257
      },
      {
        "Index": "2016-08-23",
        "ndvi": 0.392,
        "evi": 0.2249,
        "nir": 0.256
      }
    ]
  },
  {
    "longitude": 0,
    "latitude": 0,
    "start_date": "2006-09-14",
    "end_date": "2007-08-29",
    "label": "Soybean_Cotton",
    "coverage": "mod13q1_512",
    "time_series": [
      {
        "Index": "2006-09-14",
        "ndvi": 0.2892,
        "evi": 0.1791,
        "nir": 0.2471
      },
      {
        "Index": "2006-09-22",
        "ndvi": 0.3288,
        "evi": 0.2056,
        "nir": 0.2497
      },
      {
        "Index": "2006-09-30",
        "ndvi": 0.3744,
        "evi": 0.2395,
        "nir": 0.2573
      },
      {
        "Index": "2006-10-08",
        "ndvi": 0.4307,
        "evi": 0.2869,
        "nir": 0.2742
      },
      {
        "Index": "2006-10-16",
        "ndvi": 0.499,
        "evi": 0.3505,
        "nir": 0.3022
      },
      {
        "Index": "2006-10-24",
        "ndvi": 0.578,
        "evi": 0.4298,
        "nir": 0.3413
      },
      {
        "Index": "2006-11-01",
        "ndvi": 0.6605,
        "evi": 0.5178,
        "nir": 0.3873
      },
      {
        "Index": "2006-11-09",
        "ndvi": 0.7376,
        "evi": 0.6051,
        "nir": 0.4343
      },
      {
        "Index": "2006-11-17",
        "ndvi": 0.7981,
        "evi": 0.6793,
        "nir": 0.475
      },
      {
        "Index": "2006-11-25",
        "ndvi": 0.8321,
        "evi": 0.7285,
        "nir": 0.5022
      },
      {
        "Index": "2006-12-03",
        "ndvi": 0.8338,
        "evi": 0.7448,
        "nir": 0.5116
      },
      {
        "Index": "2006-12-11",
        "ndvi": 0.8008,
        "evi": 0.7233,
        "nir": 0.5008
      },
      {
        "Index": "2006-12-19",
        "ndvi": 0.7381,
        "evi": 0.6678,
        "nir": 0.4722
      },
      {
        "Index": "2006-12-27",
        "ndvi": 0.6541,
        "evi": 0.5851,
        "nir": 0.4302
      },
      {
        "Index": "2007-01-04",
        "ndvi": 0.5621,
        "evi": 0.4886,
        "nir": 0.3821
      },
      {
        "Index": "2007-01-12",
        "ndvi": 0.4764,
        "evi": 0.3935,
        "nir": 0.3361
      },
      {
        "Index": "2007-01-20",
        "ndvi": 0.411,
        "evi": 0.3156,
        "nir": 0.3
      },
      {
        "Index": "2007-01-28",
        "ndvi": 0.376,
        "evi": 0.2674,
        "nir": 0.2794
      },
      {
        "Index": "2007-02-05",
        "ndvi": 0.3764,
        "evi": 0.256,
        "nir": 0.2773
      },
      {
        "Index": "2007-02-13",
        "ndvi": 0.4125,
        "evi": 0.2834,
        "nir": 0.2936
      },
      {
        "Index": "2007-02-21",
        "ndvi": 0.4779,
        "evi": 0.3444,
        "nir": 0.3251
      },
      {
        "Index": "2007-03-01",
        "ndvi": 0.5637,
        "evi": 0.4302,
        "nir": 0.3668
      },
      {
        "Index": "2007-03-09",
        "ndvi": 0.6577,
        "evi": 0.5276,
        "nir": 0.4123
      },
      {
        "Index": "2007-03-17",
        "ndvi": 0.7484,
        "evi": 0.6231,
        "nir": 0.4551
      },
      {
        "Index": "2007-03-25",
        "ndvi": 0.8254,
        "evi": 0.7041,
        "nir": 0.4897
      },
      {
        "Index": "2007-04-02",
        "ndvi": 0.881,
        "evi": 0.7609,
        "nir": 0.5116
      },
      {
        "Index": "2007-04-10",
        "ndvi": 0.9115,
        "evi": 0.7881,
        "nir": 0.5188
      },
      {
        "Index": "2007-04-18",
        "ndvi": 0.9162,
        "evi": 0.7839,
        "nir": 0.5109
      },
      {
        "Index": "2007-04-26",
        "ndvi": 0.8974,
        "evi": 0.7515,
        "nir": 0.4895
      },
      {
        "Index": "2007-05-04",
        "ndvi": 0.8591,
        "evi": 0.6963,
        "nir": 0.4576
      },
      {
        "Index": "2007-05-12",
        "ndvi": 0.8066,
        "evi": 0.6261,
        "nir": 0.4192
      },
      {
        "Index": "2007-05-20",
        "ndvi": 0.7448,
        "evi": 0.5488,
        "nir": 0.3784
      },
      {
        "Index": "2007-05-28",
        "ndvi": 0.6784,
        "evi": 0.4718,
        "nir": 0.3395
      },
      {
        "Index": "2007-06-05",
        "ndvi": 0.6111,
        "evi": 0.4009,
        "nir": 0.3056
      },
      {
        "Index": "2007-06-13",
        "ndvi": 0.5458,
        "evi": 0.3398,
        "nir": 0.2789
      },
      {
        "Index": "2007-06-21",
        "ndvi": 0.4847,
        "evi": 0.2903,
        "nir": 0.2605
      },
      {
        "Index": "2007-06-29",
        "ndvi": 0.4297,
        "evi": 0.2524,
        "nir": 0.2499
      },
      {
        "Index": "2007-07-07",
        "ndvi": 0.382,
        "evi": 0.2249,
        "nir": 0.246
      },
      {
        "Index": "2007-07-15",
        "ndvi": 0.3428,
        "evi": 0.2059,
        "nir": 0.2467
      },
      {
        "Index": "2007-07-23",
        "ndvi": 0.3127,
        "evi": 0.1933,
        "nir": 0.2503
      },
      {
        "Index": "2007-07-31",
        "ndvi": 0.2915,
        "evi": 0.1851,
        "nir": 0.2549
      },
      {
        "Index": "2007-08-08",
        "ndvi": 0.2785,
        "evi": 0.1798,
        "nir": 0.2594
      },
      {
        "Index": "2007-08-16",
        "ndvi": 0.2718,
        "evi": 0.1761,
        "nir": 0.2631
      },
      {
        "Index": "2007-08-24",
        "ndvi": 0.2694,
        "evi": 0.1733,
        "nir": 0.2662
      }
    ]
  },
  {
    "longitude": 0,
    "latitude": 0,
    "start_date": "2006-09-14",
    "end_date": "2007-08-29",
    "label": "Soybean_Crop1",
    "coverage": "mod13q1_512",
    "time_series": [
      {
        "Index": "2006-09-14",
        "ndvi": 0.3181,
        "evi": 0.2017,
        "nir": 0.245
      },
      {
        "Index": "2006-09-22",
        "ndvi": 0.3722,
        "evi": 0.2565,
        "nir": 0.2745
      },
      {
        "Index": "2006-09-30",
        "ndvi": 0.4147,
        "evi": 0.2994,
        "nir": 0.2977
      },
      {
        "Index": "2006-10-08",
        "ndvi": 0.4364,
        "evi": 0.3209,
        "nir": 0.3095
      },
      {
        "Index": "2006-10-16",
        "ndvi": 0.4368,
        "evi": 0.3209,
        "nir": 0.3096
      },
      {
        "Index": "2006-10-24",
        "ndvi": 0.4206,
        "evi": 0.3042,
        "nir": 0.3006
      },
      {
        "Index": "2006-11-01",
        "ndvi": 0.4025,
        "evi": 0.2861,
        "nir": 0.2902
      },
      {
        "Index": "2006-11-09",
        "ndvi": 0.3993,
        "evi": 0.2841,
        "nir": 0.2876
      },
      {
        "Index": "2006-11-17",
        "ndvi": 0.4251,
        "evi": 0.3124,
        "nir": 0.3
      },
      {
        "Index": "2006-11-25",
        "ndvi": 0.4894,
        "evi": 0.381,
        "nir": 0.3326
      },
      {
        "Index": "2006-12-03",
        "ndvi": 0.5873,
        "evi": 0.4841,
        "nir": 0.3823
      },
      {
        "Index": "2006-12-11",
        "ndvi": 0.707,
        "evi": 0.6095,
        "nir": 0.4428
      },
      {
        "Index": "2006-12-19",
        "ndvi": 0.8252,
        "evi": 0.7328,
        "nir": 0.5019
      },
      {
        "Index": "2006-12-27",
        "ndvi": 0.9168,
        "evi": 0.8278,
        "nir": 0.5464
      },
      {
        "Index": "2007-01-04",
        "ndvi": 0.9613,
        "evi": 0.8733,
        "nir": 0.5661
      },
      {
        "Index": "2007-01-12",
        "ndvi": 0.9484,
        "evi": 0.8585,
        "nir": 0.5562
      },
      {
        "Index": "2007-01-20",
        "ndvi": 0.8804,
        "evi": 0.7862,
        "nir": 0.519
      },
      {
        "Index": "2007-01-28",
        "ndvi": 0.7695,
        "evi": 0.6689,
        "nir": 0.4613
      },
      {
        "Index": "2007-02-05",
        "ndvi": 0.6399,
        "evi": 0.5314,
        "nir": 0.3957
      },
      {
        "Index": "2007-02-13",
        "ndvi": 0.5165,
        "evi": 0.3993,
        "nir": 0.3346
      },
      {
        "Index": "2007-02-21",
        "ndvi": 0.4242,
        "evi": 0.2979,
        "nir": 0.2895
      },
      {
        "Index": "2007-03-01",
        "ndvi": 0.3796,
        "evi": 0.2438,
        "nir": 0.2674
      },
      {
        "Index": "2007-03-09",
        "ndvi": 0.3877,
        "evi": 0.2416,
        "nir": 0.2689
      },
      {
        "Index": "2007-03-17",
        "ndvi": 0.4437,
        "evi": 0.2865,
        "nir": 0.2903
      },
      {
        "Index": "2007-03-25",
        "ndvi": 0.531,
        "evi": 0.3614,
        "nir": 0.3225
      },
      {
        "Index": "2007-04-02",
        "ndvi": 0.6301,
        "evi": 0.447,
        "nir": 0.3561
      },
      {
        "Index": "2007-04-10",
        "ndvi": 0.7191,
        "evi": 0.5219,
        "nir": 0.3819
      },
      {
        "Index": "2007-04-18",
        "ndvi": 0.781,
        "evi": 0.5701,
        "nir": 0.3936
      },
      {
        "Index": "2007-04-26",
        "ndvi": 0.8063,
        "evi": 0.5834,
        "nir": 0.3894
      },
      {
        "Index": "2007-05-04",
        "ndvi": 0.7922,
        "evi": 0.5605,
        "nir": 0.3708
      },
      {
        "Index": "2007-05-12",
        "ndvi": 0.7451,
        "evi": 0.509,
        "nir": 0.3426
      },
      {
        "Index": "2007-05-20",
        "ndvi": 0.6744,
        "evi": 0.4394,
        "nir": 0.3104
      },
      {
        "Index": "2007-05-28",
        "ndvi": 0.5932,
        "evi": 0.3647,
        "nir": 0.28
      },
      {
        "Index": "2007-06-05",
        "ndvi": 0.5128,
        "evi": 0.2958,
        "nir": 0.2553
      },
      {
        "Index": "2007-06-13",
        "ndvi": 0.442,
        "evi": 0.2403,
        "nir": 0.2382
      },
      {
        "Index": "2007-06-21",
        "ndvi": 0.3861,
        "evi": 0.2021,
        "nir": 0.229
      },
      {
        "Index": "2007-06-29",
        "ndvi": 0.3461,
        "evi": 0.1802,
        "nir": 0.2263
      },
      {
        "Index": "2007-07-07",
        "ndvi": 0.3209,
        "evi": 0.1719,
        "nir": 0.2281
      },
      {
        "Index": "2007-07-15",
        "ndvi": 0.3066,
        "evi": 0.1723,
        "nir": 0.2327
      },
      {
        "Index": "2007-07-23",
        "ndvi": 0.2997,
        "evi": 0.1768,
        "nir": 0.2384
      },
      {
        "Index": "2007-07-31",
        "ndvi": 0.2964,
        "evi": 0.1815,
        "nir": 0.2446
      },
      {
        "Index": "2007-08-08",
        "ndvi": 0.2941,
        "evi": 0.184,
        "nir": 0.2506
      },
      {
        "Index": "2007-08-16",
        "ndvi": 0.2912,
        "evi": 0.1837,
        "nir": 0.2565
      },
      {
        "Index": "2007-08-24",
        "ndvi": 0.2873,
        "evi": 0.1809,
        "nir": 0.2623
      }
    ]
  },
  {
    "longitude": 0,
    "latitude": 0,
    "start_date": "2006-09-14",
    "end_date": "2007-08-29",
    "label": "Soybean_Crop2",
    "coverage": "mod13q1_512",
    "time_series": [
      {
        "Index": "2006-09-14",
        "ndvi": 0.3445,
        "evi": 0.2167,
        "nir": 0.2532
      },
      {
        "Index": "2006-09-22",
        "ndvi": 0.379,
        "evi": 0.2404,
        "nir": 0.2605
      },
      {
        "Index": "2006-09-30",
        "ndvi": 0.4085,
        "evi": 0.2605,
        "nir": 0.2668
      },
      {
        "Index": "2006-10-08",
        "ndvi": 0.4294,
        "evi": 0.2749,
        "nir": 0.2715
      },
      {
        "Index": "2006-10-16",
        "ndvi": 0.444,
        "evi": 0.2867,
        "nir": 0.2765
      },
      {
        "Index": "2006-10-24",
        "ndvi": 0.4569,
        "evi": 0.3015,
        "nir": 0.2846
      },
      {
        "Index": "2006-11-01",
        "ndvi": 0.4772,
        "evi": 0.3283,
        "nir": 0.2996
      },
      {
        "Index": "2006-11-09",
        "ndvi": 0.514,
        "evi": 0.3755,
        "nir": 0.325
      },
      {
        "Index": "2006-11-17",
        "ndvi": 0.571,
        "evi": 0.4456,
        "nir": 0.3615
      },
      {
        "Index": "2006-11-25",
        "ndvi": 0.6477,
        "evi": 0.537,
        "nir": 0.4076
      },
      {
        "Index": "2006-12-03",
        "ndvi": 0.733,
        "evi": 0.637,
        "nir": 0.4571
      },
      {
        "Index": "2006-12-11",
        "ndvi": 0.8121,
        "evi": 0.7295,
        "nir": 0.502
      },
      {
        "Index": "2006-12-19",
        "ndvi": 0.8665,
        "evi": 0.7949,
        "nir": 0.5334
      },
      {
        "Index": "2006-12-27",
        "ndvi": 0.8792,
        "evi": 0.8155,
        "nir": 0.5431
      },
      {
        "Index": "2007-01-04",
        "ndvi": 0.8436,
        "evi": 0.784,
        "nir": 0.5278
      },
      {
        "Index": "2007-01-12",
        "ndvi": 0.7638,
        "evi": 0.7045,
        "nir": 0.4898
      },
      {
        "Index": "2007-01-20",
        "ndvi": 0.6565,
        "evi": 0.5932,
        "nir": 0.4366
      },
      {
        "Index": "2007-01-28",
        "ndvi": 0.5424,
        "evi": 0.4709,
        "nir": 0.378
      },
      {
        "Index": "2007-02-05",
        "ndvi": 0.4472,
        "evi": 0.3636,
        "nir": 0.3256
      },
      {
        "Index": "2007-02-13",
        "ndvi": 0.3912,
        "evi": 0.2914,
        "nir": 0.2887
      },
      {
        "Index": "2007-02-21",
        "ndvi": 0.386,
        "evi": 0.2668,
        "nir": 0.2726
      },
      {
        "Index": "2007-03-01",
        "ndvi": 0.4331,
        "evi": 0.2918,
        "nir": 0.2782
      },
      {
        "Index": "2007-03-09",
        "ndvi": 0.5197,
        "evi": 0.3548,
        "nir": 0.3001
      },
      {
        "Index": "2007-03-17",
        "ndvi": 0.6278,
        "evi": 0.439,
        "nir": 0.3308
      },
      {
        "Index": "2007-03-25",
        "ndvi": 0.7328,
        "evi": 0.5215,
        "nir": 0.3601
      },
      {
        "Index": "2007-04-02",
        "ndvi": 0.8143,
        "evi": 0.583,
        "nir": 0.3799
      },
      {
        "Index": "2007-04-10",
        "ndvi": 0.8576,
        "evi": 0.6105,
        "nir": 0.385
      },
      {
        "Index": "2007-04-18",
        "ndvi": 0.857,
        "evi": 0.599,
        "nir": 0.3738
      },
      {
        "Index": "2007-04-26",
        "ndvi": 0.8177,
        "evi": 0.5544,
        "nir": 0.3498
      },
      {
        "Index": "2007-05-04",
        "ndvi": 0.7495,
        "evi": 0.4868,
        "nir": 0.3181
      },
      {
        "Index": "2007-05-12",
        "ndvi": 0.6677,
        "evi": 0.4112,
        "nir": 0.2858
      },
      {
        "Index": "2007-05-20",
        "ndvi": 0.5857,
        "evi": 0.3403,
        "nir": 0.2585
      },
      {
        "Index": "2007-05-28",
        "ndvi": 0.5131,
        "evi": 0.2828,
        "nir": 0.2398
      },
      {
        "Index": "2007-06-05",
        "ndvi": 0.4553,
        "evi": 0.2427,
        "nir": 0.2309
      },
      {
        "Index": "2007-06-13",
        "ndvi": 0.4114,
        "evi": 0.2177,
        "nir": 0.23
      },
      {
        "Index": "2007-06-21",
        "ndvi": 0.3785,
        "evi": 0.204,
        "nir": 0.2345
      },
      {
        "Index": "2007-06-29",
        "ndvi": 0.3521,
        "evi": 0.1957,
        "nir": 0.241
      },
      {
        "Index": "2007-07-07",
        "ndvi": 0.329,
        "evi": 0.1888,
        "nir": 0.2472
      },
      {
        "Index": "2007-07-15",
        "ndvi": 0.3084,
        "evi": 0.1817,
        "nir": 0.2521
      },
      {
        "Index": "2007-07-23",
        "ndvi": 0.2909,
        "evi": 0.1746,
        "nir": 0.2556
      },
      {
        "Index": "2007-07-31",
        "ndvi": 0.2786,
        "evi": 0.17,
        "nir": 0.259
      },
      {
        "Index": "2007-08-08",
        "ndvi": 0.2729,
        "evi": 0.1694,
        "nir": 0.2633
      },
      {
        "Index": "2007-08-16",
        "ndvi": 0.2736,
        "evi": 0.1734,
        "nir": 0.2689
      },
      {
        "Index": "2007-08-24",
        "ndvi": 0.2794,
        "evi": 0.1814,
        "nir": 0.276
      }
    ]
  },
  {
    "longitude": 0,
    "latitude": 0,
    "start_date": "2006-09-14",
    "end_date": "2007-08-29",
    "label": "Soybean_Crop3",
    "coverage": "mod13q1_512",
    "time_series": [
      {
        "Index": "2006-09-14",
        "ndvi": 0.4128,
        "evi": 0.258,
        "nir": 0.2616
      },
      {
        "Index": "2006-09-22",
        "ndvi": 0.4699,
        "evi": 0.3145,
        "nir": 0.292
      },
      {
        "Index": "2006-09-30",
        "ndvi": 0.5156,
        "evi": 0.3601,
        "nir": 0.317
      },
      {
        "Index": "2006-10-08",
        "ndvi": 0.5404,
        "evi": 0.3861,
        "nir": 0.3319
      },
      {
        "Index": "2006-10-16",
        "ndvi": 0.5425,
        "evi": 0.391,
        "nir": 0.3361
      },
      {
        "Index": "2006-10-24",
        "ndvi": 0.5245,
        "evi": 0.3777,
        "nir": 0.3309
      },
      {
        "Index": "2006-11-01",
        "ndvi": 0.4989,
        "evi": 0.3586,
        "nir": 0.3224
      },
      {
        "Index": "2006-11-09",
        "ndvi": 0.4803,
        "evi": 0.3477,
        "nir": 0.3176
      },
      {
        "Index": "2006-11-17",
        "ndvi": 0.4821,
        "evi": 0.3581,
        "nir": 0.3228
      },
      {
        "Index": "2006-11-25",
        "ndvi": 0.5146,
        "evi": 0.3993,
        "nir": 0.3427
      },
      {
        "Index": "2006-12-03",
        "ndvi": 0.5761,
        "evi": 0.4691,
        "nir": 0.376
      },
      {
        "Index": "2006-12-11",
        "ndvi": 0.6597,
        "evi": 0.5598,
        "nir": 0.4188
      },
      {
        "Index": "2006-12-19",
        "ndvi": 0.748,
        "evi": 0.6538,
        "nir": 0.4624
      },
      {
        "Index": "2006-12-27",
        "ndvi": 0.8217,
        "evi": 0.7313,
        "nir": 0.4973
      },
      {
        "Index": "2007-01-04",
        "ndvi": 0.8642,
        "evi": 0.7752,
        "nir": 0.5155
      },
      {
        "Index": "2007-01-12",
        "ndvi": 0.8659,
        "evi": 0.7759,
        "nir": 0.5127
      },
      {
        "Index": "2007-01-20",
        "ndvi": 0.827,
        "evi": 0.7331,
        "nir": 0.4894
      },
      {
        "Index": "2007-01-28",
        "ndvi": 0.7551,
        "evi": 0.6543,
        "nir": 0.4499
      },
      {
        "Index": "2007-02-05",
        "ndvi": 0.6668,
        "evi": 0.5563,
        "nir": 0.4023
      },
      {
        "Index": "2007-02-13",
        "ndvi": 0.58,
        "evi": 0.4569,
        "nir": 0.3552
      },
      {
        "Index": "2007-02-21",
        "ndvi": 0.5127,
        "evi": 0.3747,
        "nir": 0.317
      },
      {
        "Index": "2007-03-01",
        "ndvi": 0.4768,
        "evi": 0.3223,
        "nir": 0.2928
      },
      {
        "Index": "2007-03-09",
        "ndvi": 0.476,
        "evi": 0.3043,
        "nir": 0.2839
      },
      {
        "Index": "2007-03-17",
        "ndvi": 0.5072,
        "evi": 0.3185,
        "nir": 0.2884
      },
      {
        "Index": "2007-03-25",
        "ndvi": 0.5591,
        "evi": 0.3544,
        "nir": 0.301
      },
      {
        "Index": "2007-04-02",
        "ndvi": 0.6183,
        "evi": 0.3996,
        "nir": 0.316
      },
      {
        "Index": "2007-04-10",
        "ndvi": 0.6705,
        "evi": 0.4402,
        "nir": 0.3274
      },
      {
        "Index": "2007-04-18",
        "ndvi": 0.7048,
        "evi": 0.4658,
        "nir": 0.3316
      },
      {
        "Index": "2007-04-26",
        "ndvi": 0.7156,
        "evi": 0.4708,
        "nir": 0.3272
      },
      {
        "Index": "2007-05-04",
        "ndvi": 0.702,
        "evi": 0.4544,
        "nir": 0.315
      },
      {
        "Index": "2007-05-12",
        "ndvi": 0.6685,
        "evi": 0.421,
        "nir": 0.2977
      },
      {
        "Index": "2007-05-20",
        "ndvi": 0.6216,
        "evi": 0.3769,
        "nir": 0.2784
      },
      {
        "Index": "2007-05-28",
        "ndvi": 0.569,
        "evi": 0.3297,
        "nir": 0.2599
      },
      {
        "Index": "2007-06-05",
        "ndvi": 0.5173,
        "evi": 0.2859,
        "nir": 0.2444
      },
      {
        "Index": "2007-06-13",
        "ndvi": 0.4709,
        "evi": 0.2495,
        "nir": 0.2325
      },
      {
        "Index": "2007-06-21",
        "ndvi": 0.4324,
        "evi": 0.2226,
        "nir": 0.2246
      },
      {
        "Index": "2007-06-29",
        "ndvi": 0.4021,
        "evi": 0.2051,
        "nir": 0.22
      },
      {
        "Index": "2007-07-07",
        "ndvi": 0.3796,
        "evi": 0.1956,
        "nir": 0.2183
      },
      {
        "Index": "2007-07-15",
        "ndvi": 0.3635,
        "evi": 0.1922,
        "nir": 0.2194
      },
      {
        "Index": "2007-07-23",
        "ndvi": 0.3524,
        "evi": 0.1928,
        "nir": 0.2233
      },
      {
        "Index": "2007-07-31",
        "ndvi": 0.3454,
        "evi": 0.1959,
        "nir": 0.23
      },
      {
        "Index": "2007-08-08",
        "ndvi": 0.3412,
        "evi": 0.2004,
        "nir": 0.2394
      },
      {
        "Index": "2007-08-16",
        "ndvi": 0.3389,
        "evi": 0.2053,
        "nir": 0.2512
      },
      {
        "Index": "2007-08-24",
        "ndvi": 0.3376,
        "evi": 0.2103,
        "nir": 0.2645
      }
    ]
  },
  {
    "longitude": 0,
    "latitude": 0,
    "start_date": "2006-09-14",
    "end_date": "2007-08-29",
    "label": "Soybean_Crop4",
    "coverage": "mod13q1_512",
    "time_series": [
      {
        "Index": "2006-09-14",
        "ndvi": 0.2498,
        "evi": 0.1397,
        "nir": 0.1928
      },
      {
        "Index": "2006-09-22",
        "ndvi": 0.2667,
        "evi": 0.1442,
        "nir": 0.1922
      },
      {
        "Index": "2006-09-30",
        "ndvi": 0.284,
        "evi": 0.1501,
        "nir": 0.1946
      },
      {
        "Index": "2006-10-08",
        "ndvi": 0.3027,
        "evi": 0.1591,
        "nir": 0.2032
      },
      {
        "Index": "2006-10-16",
        "ndvi": 0.3264,
        "evi": 0.1759,
        "nir": 0.2202
      },
      {
        "Index": "2006-10-24",
        "ndvi": 0.3596,
        "evi": 0.2058,
        "nir": 0.2476
      },
      {
        "Index": "2006-11-01",
        "ndvi": 0.407,
        "evi": 0.254,
        "nir": 0.2849
      },
      {
        "Index": "2006-11-09",
        "ndvi": 0.4724,
        "evi": 0.3244,
        "nir": 0.3308
      },
      {
        "Index": "2006-11-17",
        "ndvi": 0.5543,
        "evi": 0.4152,
        "nir": 0.3815
      },
      {
        "Index": "2006-11-25",
        "ndvi": 0.6481,
        "evi": 0.5215,
        "nir": 0.4323
      },
      {
        "Index": "2006-12-03",
        "ndvi": 0.7425,
        "evi": 0.6309,
        "nir": 0.4778
      },
      {
        "Index": "2006-12-11",
        "ndvi": 0.8239,
        "evi": 0.7288,
        "nir": 0.5127
      },
      {
        "Index": "2006-12-19",
        "ndvi": 0.8779,
        "evi": 0.7994,
        "nir": 0.5329
      },
      {
        "Index": "2006-12-27",
        "ndvi": 0.8915,
        "evi": 0.8283,
        "nir": 0.5355
      },
      {
        "Index": "2007-01-04",
        "ndvi": 0.86,
        "evi": 0.8094,
        "nir": 0.5209
      },
      {
        "Index": "2007-01-12",
        "ndvi": 0.7874,
        "evi": 0.7449,
        "nir": 0.4914
      },
      {
        "Index": "2007-01-20",
        "ndvi": 0.6864,
        "evi": 0.6466,
        "nir": 0.4519
      },
      {
        "Index": "2007-01-28",
        "ndvi": 0.5737,
        "evi": 0.5303,
        "nir": 0.4079
      },
      {
        "Index": "2007-02-05",
        "ndvi": 0.4702,
        "evi": 0.4162,
        "nir": 0.3652
      },
      {
        "Index": "2007-02-13",
        "ndvi": 0.3935,
        "evi": 0.3221,
        "nir": 0.3289
      },
      {
        "Index": "2007-02-21",
        "ndvi": 0.3559,
        "evi": 0.2613,
        "nir": 0.3022
      },
      {
        "Index": "2007-03-01",
        "ndvi": 0.3623,
        "evi": 0.24,
        "nir": 0.2867
      },
      {
        "Index": "2007-03-09",
        "ndvi": 0.4073,
        "evi": 0.2547,
        "nir": 0.2813
      },
      {
        "Index": "2007-03-17",
        "ndvi": 0.4799,
        "evi": 0.2967,
        "nir": 0.2837
      },
      {
        "Index": "2007-03-25",
        "ndvi": 0.5628,
        "evi": 0.3509,
        "nir": 0.2901
      },
      {
        "Index": "2007-04-02",
        "ndvi": 0.639,
        "evi": 0.4027,
        "nir": 0.2969
      },
      {
        "Index": "2007-04-10",
        "ndvi": 0.694,
        "evi": 0.4391,
        "nir": 0.3006
      },
      {
        "Index": "2007-04-18",
        "ndvi": 0.7183,
        "evi": 0.452,
        "nir": 0.2991
      },
      {
        "Index": "2007-04-26",
        "ndvi": 0.7101,
        "evi": 0.4398,
        "nir": 0.2917
      },
      {
        "Index": "2007-05-04",
        "ndvi": 0.6723,
        "evi": 0.4054,
        "nir": 0.279
      },
      {
        "Index": "2007-05-12",
        "ndvi": 0.6139,
        "evi": 0.3568,
        "nir": 0.2631
      },
      {
        "Index": "2007-05-20",
        "ndvi": 0.5449,
        "evi": 0.3027,
        "nir": 0.2463
      },
      {
        "Index": "2007-05-28",
        "ndvi": 0.4754,
        "evi": 0.2515,
        "nir": 0.231
      },
      {
        "Index": "2007-06-05",
        "ndvi": 0.4134,
        "evi": 0.2096,
        "nir": 0.2194
      },
      {
        "Index": "2007-06-13",
        "ndvi": 0.363,
        "evi": 0.1795,
        "nir": 0.2124
      },
      {
        "Index": "2007-06-21",
        "ndvi": 0.3259,
        "evi": 0.1616,
        "nir": 0.2103
      },
      {
        "Index": "2007-06-29",
        "ndvi": 0.3004,
        "evi": 0.1532,
        "nir": 0.2122
      },
      {
        "Index": "2007-07-07",
        "ndvi": 0.2839,
        "evi": 0.151,
        "nir": 0.2167
      },
      {
        "Index": "2007-07-15",
        "ndvi": 0.2728,
        "evi": 0.1515,
        "nir": 0.2222
      },
      {
        "Index": "2007-07-23",
        "ndvi": 0.2643,
        "evi": 0.1519,
        "nir": 0.2272
      },
      {
        "Index": "2007-07-31",
        "ndvi": 0.2564,
        "evi": 0.1505,
        "nir": 0.2306
      },
      {
        "Index": "2007-08-08",
        "ndvi": 0.2479,
        "evi": 0.1466,
        "nir": 0.2319
      },
      {
        "Index": "2007-08-16",
        "ndvi": 0.2385,
        "evi": 0.1406,
        "nir": 0.2314
      },
      {
        "Index": "2007-08-24",
        "ndvi": 0.2283,
        "evi": 0.1332,
        "nir": 0.2295
      }
    ]
  },
  {
    "longitude": 0,
    "latitude": 0,
    "start_date": "2006-09-14",
    "end_date": "2007-08-29",
    "label": "Soybean_Fallow1",
    "coverage": "mod13q1_512",
    "time_series": [
      {
        "Index": "2006-09-14",
        "ndvi": 0.3517,
        "evi": 0.199,
        "nir": 0.2216
      },
      {
        "Index": "2006-09-22",
        "ndvi": 0.4172,
        "evi": 0.2615,
        "nir": 0.2568
      },
      {
        "Index": "2006-09-30",
        "ndvi": 0.474,
        "evi": 0.3165,
        "nir": 0.2877
      },
      {
        "Index": "2006-10-08",
        "ndvi": 0.5149,
        "evi": 0.3576,
        "nir": 0.3106
      },
      {
        "Index": "2006-10-16",
        "ndvi": 0.5372,
        "evi": 0.3825,
        "nir": 0.3238
      },
      {
        "Index": "2006-10-24",
        "ndvi": 0.5415,
        "evi": 0.3917,
        "nir": 0.3274
      },
      {
        "Index": "2006-11-01",
        "ndvi": 0.5353,
        "evi": 0.3914,
        "nir": 0.3245
      },
      {
        "Index": "2006-11-09",
        "ndvi": 0.5277,
        "evi": 0.3898,
        "nir": 0.3196
      },
      {
        "Index": "2006-11-17",
        "ndvi": 0.5284,
        "evi": 0.3956,
        "nir": 0.3176
      },
      {
        "Index": "2006-11-25",
        "ndvi": 0.5453,
        "evi": 0.4164,
        "nir": 0.323
      },
      {
        "Index": "2006-12-03",
        "ndvi": 0.5796,
        "evi": 0.4538,
        "nir": 0.3375
      },
      {
        "Index": "2006-12-11",
        "ndvi": 0.629,
        "evi": 0.5067,
        "nir": 0.3611
      },
      {
        "Index": "2006-12-19",
        "ndvi": 0.6843,
        "evi": 0.567,
        "nir": 0.3905
      },
      {
        "Index": "2006-12-27",
        "ndvi": 0.735,
        "evi": 0.6251,
        "nir": 0.421
      },
      {
        "Index": "2007-01-04",
        "ndvi": 0.7706,
        "evi": 0.6704,
        "nir": 0.4473
      },
      {
        "Index": "2007-01-12",
        "ndvi": 0.7843,
        "evi": 0.695,
        "nir": 0.4649
      },
      {
        "Index": "2007-01-20",
        "ndvi": 0.7745,
        "evi": 0.6945,
        "nir": 0.4708
      },
      {
        "Index": "2007-01-28",
        "ndvi": 0.7436,
        "evi": 0.6689,
        "nir": 0.4644
      },
      {
        "Index": "2007-02-05",
        "ndvi": 0.7,
        "evi": 0.6238,
        "nir": 0.4473
      },
      {
        "Index": "2007-02-13",
        "ndvi": 0.6527,
        "evi": 0.567,
        "nir": 0.4227
      },
      {
        "Index": "2007-02-21",
        "ndvi": 0.6116,
        "evi": 0.5086,
        "nir": 0.3949
      },
      {
        "Index": "2007-03-01",
        "ndvi": 0.5837,
        "evi": 0.457,
        "nir": 0.368
      },
      {
        "Index": "2007-03-09",
        "ndvi": 0.5717,
        "evi": 0.4181,
        "nir": 0.3449
      },
      {
        "Index": "2007-03-17",
        "ndvi": 0.5745,
        "evi": 0.3945,
        "nir": 0.3274
      },
      {
        "Index": "2007-03-25",
        "ndvi": 0.5864,
        "evi": 0.384,
        "nir": 0.3153
      },
      {
        "Index": "2007-04-02",
        "ndvi": 0.6009,
        "evi": 0.3827,
        "nir": 0.3075
      },
      {
        "Index": "2007-04-10",
        "ndvi": 0.6105,
        "evi": 0.3841,
        "nir": 0.3019
      },
      {
        "Index": "2007-04-18",
        "ndvi": 0.6096,
        "evi": 0.3826,
        "nir": 0.2965
      },
      {
        "Index": "2007-04-26",
        "ndvi": 0.596,
        "evi": 0.3737,
        "nir": 0.2896
      },
      {
        "Index": "2007-05-04",
        "ndvi": 0.5698,
        "evi": 0.3554,
        "nir": 0.2804
      },
      {
        "Index": "2007-05-12",
        "ndvi": 0.5344,
        "evi": 0.3287,
        "nir": 0.2691
      },
      {
        "Index": "2007-05-20",
        "ndvi": 0.494,
        "evi": 0.2962,
        "nir": 0.2564
      },
      {
        "Index": "2007-05-28",
        "ndvi": 0.4538,
        "evi": 0.2623,
        "nir": 0.2437
      },
      {
        "Index": "2007-06-05",
        "ndvi": 0.4177,
        "evi": 0.2311,
        "nir": 0.2322
      },
      {
        "Index": "2007-06-13",
        "ndvi": 0.3881,
        "evi": 0.2062,
        "nir": 0.2231
      },
      {
        "Index": "2007-06-21",
        "ndvi": 0.3658,
        "evi": 0.1893,
        "nir": 0.2171
      },
      {
        "Index": "2007-06-29",
        "ndvi": 0.3498,
        "evi": 0.1804,
        "nir": 0.2142
      },
      {
        "Index": "2007-07-07",
        "ndvi": 0.3386,
        "evi": 0.178,
        "nir": 0.2142
      },
      {
        "Index": "2007-07-15",
        "ndvi": 0.3299,
        "evi": 0.1794,
        "nir": 0.2164
      },
      {
        "Index": "2007-07-23",
        "ndvi": 0.3217,
        "evi": 0.1816,
        "nir": 0.22
      },
      {
        "Index": "2007-07-31",
        "ndvi": 0.3125,
        "evi": 0.1821,
        "nir": 0.2241
      },
      {
        "Index": "2007-08-08",
        "ndvi": 0.3016,
        "evi": 0.1792,
        "nir": 0.2283
      },
      {
        "Index": "2007-08-16",
        "ndvi": 0.2889,
        "evi": 0.1727,
        "nir": 0.2321
      },
      {
        "Index": "2007-08-24",
        "ndvi": 0.2747,
        "evi": 0.1634,
        "nir": 0.2355
      }
    ]
  },
  {
    "longitude": 0,
    "latitude": 0,
    "start_date": "2006-09-14",
    "end_date": "2007-08-29",
    "label": "Soybean_Fallow2",
    "coverage": "mod13q1_512",
    "time_series": [
      {
        "Index": "2006-09-14",
        "ndvi": 0.2835,
        "evi": 0.1505,
        "nir": 0.1989
      },
      {
        "Index": "2006-09-22",
        "ndvi": 0.3104,
        "evi": 0.1802,
        "nir": 0.216
      },
      {
        "Index": "2006-09-30",
        "ndvi": 0.3356,
        "evi": 0.2064,
        "nir": 0.231
      },
      {
        "Index": "2006-10-08",
        "ndvi": 0.3578,
        "evi": 0.2268,
        "nir": 0.2421
      },
      {
        "Index": "2006-10-16",
        "ndvi": 0.3787,
        "evi": 0.2426,
        "nir": 0.2499
      },
      {
        "Index": "2006-10-24",
        "ndvi": 0.401,
        "evi": 0.2571,
        "nir": 0.2564
      },
      {
        "Index": "2006-11-01",
        "ndvi": 0.4301,
        "evi": 0.2772,
        "nir": 0.2656
      },
      {
        "Index": "2006-11-09",
        "ndvi": 0.471,
        "evi": 0.3108,
        "nir": 0.2821
      },
      {
        "Index": "2006-11-17",
        "ndvi": 0.5271,
        "evi": 0.3637,
        "nir": 0.3095
      },
      {
        "Index": "2006-11-25",
        "ndvi": 0.5999,
        "evi": 0.4397,
        "nir": 0.35
      },
      {
        "Index": "2006-12-03",
        "ndvi": 0.6851,
        "evi": 0.5357,
        "nir": 0.4016
      },
      {
        "Index": "2006-12-11",
        "ndvi": 0.7762,
        "evi": 0.645,
        "nir": 0.4604
      },
      {
        "Index": "2006-12-19",
        "ndvi": 0.8624,
        "evi": 0.7547,
        "nir": 0.5191
      },
      {
        "Index": "2006-12-27",
        "ndvi": 0.9321,
        "evi": 0.8503,
        "nir": 0.5697
      },
      {
        "Index": "2007-01-04",
        "ndvi": 0.9756,
        "evi": 0.9182,
        "nir": 0.6048
      },
      {
        "Index": "2007-01-12",
        "ndvi": 0.9868,
        "evi": 0.9484,
        "nir": 0.6195
      },
      {
        "Index": "2007-01-20",
        "ndvi": 0.9647,
        "evi": 0.9367,
        "nir": 0.6124
      },
      {
        "Index": "2007-01-28",
        "ndvi": 0.9128,
        "evi": 0.8846,
        "nir": 0.5848
      },
      {
        "Index": "2007-02-05",
        "ndvi": 0.8397,
        "evi": 0.801,
        "nir": 0.5421
      },
      {
        "Index": "2007-02-13",
        "ndvi": 0.7562,
        "evi": 0.6978,
        "nir": 0.4905
      },
      {
        "Index": "2007-02-21",
        "ndvi": 0.6744,
        "evi": 0.5901,
        "nir": 0.4375
      },
      {
        "Index": "2007-03-01",
        "ndvi": 0.604,
        "evi": 0.4913,
        "nir": 0.3894
      },
      {
        "Index": "2007-03-09",
        "ndvi": 0.5518,
        "evi": 0.4118,
        "nir": 0.3504
      },
      {
        "Index": "2007-03-17",
        "ndvi": 0.5203,
        "evi": 0.3572,
        "nir": 0.3224
      },
      {
        "Index": "2007-03-25",
        "ndvi": 0.5069,
        "evi": 0.3269,
        "nir": 0.3045
      },
      {
        "Index": "2007-04-02",
        "ndvi": 0.5067,
        "evi": 0.3167,
        "nir": 0.2945
      },
      {
        "Index": "2007-04-10",
        "ndvi": 0.5119,
        "evi": 0.3182,
        "nir": 0.2887
      },
      {
        "Index": "2007-04-18",
        "ndvi": 0.5154,
        "evi": 0.3229,
        "nir": 0.2839
      },
      {
        "Index": "2007-04-26",
        "ndvi": 0.5114,
        "evi": 0.3232,
        "nir": 0.2777
      },
      {
        "Index": "2007-05-04",
        "ndvi": 0.4966,
        "evi": 0.3139,
        "nir": 0.2687
      },
      {
        "Index": "2007-05-12",
        "ndvi": 0.4713,
        "evi": 0.2941,
        "nir": 0.2571
      },
      {
        "Index": "2007-05-20",
        "ndvi": 0.4375,
        "evi": 0.2652,
        "nir": 0.2437
      },
      {
        "Index": "2007-05-28",
        "ndvi": 0.3998,
        "evi": 0.2318,
        "nir": 0.2304
      },
      {
        "Index": "2007-06-05",
        "ndvi": 0.3628,
        "evi": 0.1992,
        "nir": 0.2186
      },
      {
        "Index": "2007-06-13",
        "ndvi": 0.3307,
        "evi": 0.1722,
        "nir": 0.2097
      },
      {
        "Index": "2007-06-21",
        "ndvi": 0.3061,
        "evi": 0.1542,
        "nir": 0.2046
      },
      {
        "Index": "2007-06-29",
        "ndvi": 0.2895,
        "evi": 0.1459,
        "nir": 0.2034
      },
      {
        "Index": "2007-07-07",
        "ndvi": 0.2799,
        "evi": 0.1462,
        "nir": 0.2057
      },
      {
        "Index": "2007-07-15",
        "ndvi": 0.2747,
        "evi": 0.1515,
        "nir": 0.211
      },
      {
        "Index": "2007-07-23",
        "ndvi": 0.271,
        "evi": 0.1583,
        "nir": 0.2183
      },
      {
        "Index": "2007-07-31",
        "ndvi": 0.266,
        "evi": 0.1629,
        "nir": 0.227
      },
      {
        "Index": "2007-08-08",
        "ndvi": 0.2579,
        "evi": 0.163,
        "nir": 0.2363
      },
      {
        "Index": "2007-08-16",
        "ndvi": 0.2464,
        "evi": 0.1582,
        "nir": 0.2458
      },
      {
        "Index": "2007-08-24",
        "ndvi": 0.2322,
        "evi": 0.1494,
        "nir": 0.2554
      }
    ]
  },
  {
    "longitude": 0,
    "latitude": 0,
    "start_date": "2015-09-14",
    "end_date": "2016-08-28",
    "label": "Water",
    "coverage": "mod13q1_512",
    "time_series": [
      {
        "Index": "2015-09-14",
        "ndvi": -0.0004,
        "evi": 0.0071,
        "nir": 0.0385
      },
      {
        "Index": "2015-09-22",
        "ndvi": 0.0243,
        "evi": 0.0117,
        "nir": 0.0433
      },
      {
        "Index": "2015-09-30",
        "ndvi": 0.0482,
        "evi": 0.0162,
        "nir": 0.0477
      },
      {
        "Index": "2015-10-08",
        "ndvi": 0.0708,
        "evi": 0.0206,
        "nir": 0.0514
      },
      {
        "Index": "2015-10-16",
        "ndvi": 0.0912,
        "evi": 0.0247,
        "nir": 0.0542
      },
      {
        "Index": "2015-10-24",
        "ndvi": 0.1087,
        "evi": 0.0287,
        "nir": 0.0563
      },
      {
        "Index": "2015-11-01",
        "ndvi": 0.1228,
        "evi": 0.0324,
        "nir": 0.0584
      },
      {
        "Index": "2015-11-09",
        "ndvi": 0.1331,
        "evi": 0.0357,
        "nir": 0.0609
      },
      {
        "Index": "2015-11-17",
        "ndvi": 0.1397,
        "evi": 0.0388,
        "nir": 0.0648
      },
      {
        "Index": "2015-11-25",
        "ndvi": 0.1429,
        "evi": 0.0415,
        "nir": 0.0705
      },
      {
        "Index": "2015-12-03",
        "ndvi": 0.1432,
        "evi": 0.0439,
        "nir": 0.0783
      },
      {
        "Index": "2015-12-11",
        "ndvi": 0.1414,
        "evi": 0.046,
        "nir": 0.0879
      },
      {
        "Index": "2015-12-19",
        "ndvi": 0.1381,
        "evi": 0.0477,
        "nir": 0.0988
      },
      {
        "Index": "2015-12-27",
        "ndvi": 0.134,
        "evi": 0.049,
        "nir": 0.11
      },
      {
        "Index": "2016-01-04",
        "ndvi": 0.1294,
        "evi": 0.0498,
        "nir": 0.1204
      },
      {
        "Index": "2016-01-12",
        "ndvi": 0.1245,
        "evi": 0.0502,
        "nir": 0.1288
      },
      {
        "Index": "2016-01-20",
        "ndvi": 0.1192,
        "evi": 0.0501,
        "nir": 0.1342
      },
      {
        "Index": "2016-01-28",
        "ndvi": 0.1133,
        "evi": 0.0494,
        "nir": 0.1361
      },
      {
        "Index": "2016-02-05",
        "ndvi": 0.1068,
        "evi": 0.0483,
        "nir": 0.1342
      },
      {
        "Index": "2016-02-13",
        "ndvi": 0.0996,
        "evi": 0.0466,
        "nir": 0.1284
      },
      {
        "Index": "2016-02-21",
        "ndvi": 0.0919,
        "evi": 0.0444,
        "nir": 0.1195
      },
      {
        "Index": "2016-02-29",
        "ndvi": 0.0844,
        "evi": 0.0419,
        "nir": 0.108
      },
      {
        "Index": "2016-03-08",
        "ndvi": 0.0774,
        "evi": 0.0391,
        "nir": 0.095
      },
      {
        "Index": "2016-03-16",
        "ndvi": 0.0717,
        "evi": 0.0362,
        "nir": 0.0816
      },
      {
        "Index": "2016-03-24",
        "ndvi": 0.0678,
        "evi": 0.0332,
        "nir": 0.0687
      },
      {
        "Index": "2016-04-01",
        "ndvi": 0.0657,
        "evi": 0.0303,
        "nir": 0.0574
      },
      {
        "Index": "2016-04-09",
        "ndvi": 0.0655,
        "evi": 0.0275,
        "nir": 0.0484
      },
      {
        "Index": "2016-04-17",
        "ndvi": 0.0666,
        "evi": 0.0249,
        "nir": 0.0423
      },
      {
        "Index": "2016-04-25",
        "ndvi": 0.0681,
        "evi": 0.0224,
        "nir": 0.0392
      },
      {
        "Index": "2016-05-03",
        "ndvi": 0.0693,
        "evi": 0.0201,
        "nir": 0.039
      },
      {
        "Index": "2016-05-11",
        "ndvi": 0.0692,
        "evi": 0.018,
        "nir": 0.0411
      },
      {
        "Index": "2016-05-19",
        "ndvi": 0.067,
        "evi": 0.0161,
        "nir": 0.0448
      },
      {
        "Index": "2016-05-27",
        "ndvi": 0.0623,
        "evi": 0.0142,
        "nir": 0.0492
      },
      {
        "Index": "2016-06-04",
        "ndvi": 0.055,
        "evi": 0.0124,
        "nir": 0.0533
      },
      {
        "Index": "2016-06-12",
        "ndvi": 0.0456,
        "evi": 0.0106,
        "nir": 0.0565
      },
      {
        "Index": "2016-06-20",
        "ndvi": 0.0344,
        "evi": 0.0088,
        "nir": 0.0583
      },
      {
        "Index": "2016-06-28",
        "ndvi": 0.0222,
        "evi": 0.0071,
        "nir": 0.0585
      },
      {
        "Index": "2016-07-06",
        "ndvi": 0.0098,
        "evi": 0.0053,
        "nir": 0.0572
      },
      {
        "Index": "2016-07-14",
        "ndvi": -0.0023,
        "evi": 0.0036,
        "nir": 0.0551
      },
      {
        "Index": "2016-07-22",
        "ndvi": -0.0135,
        "evi": 0.0019,
        "nir": 0.0525
      },
      {
        "Index": "2016-07-30",
        "ndvi": -0.0238,
        "evi": 0.0002,
        "nir": 0.05
      },
      {
        "Index": "2016-08-07",
        "ndvi": -0.033,
        "evi": -0.0014,
        "nir": 0.0479
      },
      {
        "Index": "2016-08-15",
        "ndvi": -0.0415,
        "evi": -0.003,
        "nir": 0.0463
      },
      {
        "Index": "2016-08-23",
        "ndvi": -0.0494,
        "evi": -0.0046,
        "nir": 0.0452
      }
    ]
  }
]
