[
  {
    "longitude": 0,
    "latitude": 0,
    "start_date": "2001-09-14",
    "end_date": "2002-08-29",
    "label": "Sugarcane",
    "coverage": "mod13q1_512",
    "time_series": [
      {
        "Index": "2001-09-14",
        "evi": 0.2024,
        "ndvi": 0.3213,
        "nir": 0.2562
      },
      {
        "Index": "2001-09-22",
        "evi": 0.2165,
        "ndvi": 0.3589,
        "nir": 0.2521
      },
      {
        "Index": "2001-09-30",
        "evi": 0.2324,
        "ndvi": 0.3949,
        "nir": 0.2497
      },
      {
        "Index": "2001-10-08",
        "evi": 0.2518,
        "ndvi": 0.4274,
        "nir": 0.2509
      },
      {
        "Index": "2001-10-16",
        "evi": 0.2759,
        "ndvi": 0.4552,
        "nir": 0.2572
      },
      {
        "Index": "2001-10-24",
        "evi": 0.3048,
        "ndvi": 0.4783,
        "nir": 0.2685
      },
      {
        "Index": "2001-11-01",
        "evi": 0.3372,
        "ndvi": 0.4976,
        "nir": 0.2836
      },
      {
        "Index": "2001-11-09",
        "evi": 0.3706,
        "ndvi": 0.5152,
        "nir": 0.3003
      },
      {
        "Index": "2001-11-17",
        "evi": 0.4024,
        "ndvi": 0.5333,
        "nir": 0.3162
      },
      {
        "Index": "2001-11-25",
        "evi": 0.4302,
        "ndvi": 0.5534,
        "nir": 0.3292
      },
      {
        "Index": "2001-12-03",
        "evi": 0.4524,
        "ndvi": 0.5763,
        "nir": 0.3383
      },
      {
        "Index": "2001-12-11",
        "evi": 0.4689,
        "ndvi": 0.6013,
        "nir": 0.3436
      },
      {
        "Index": "2001-12-19",
        "evi": 0.4806,
        "ndvi": 0.6267,
        "nir": 0.3463
      },
      {
        "Index": "2001-12-27",
        "evi": 0.489,
        "ndvi": 0.6502,
        "nir": 0.348
      },
      {
        "Index": "2002-01-04",
        "evi": 0.4959,
        "ndvi": 0.6697,
        "nir": 0.3503
      },
      {
        "Index": "2002-01-12",
        "evi": 0.5024,
        "ndvi": 0.6837,
        "nir": 0.354
      },
      {
        "Index": "2002-01-20",
        "evi": 0.5091,
        "ndvi": 0.6918,
        "nir": 0.3587
      },
      {
        "Index": "2002-01-28",
        "evi": 0.5153,
        "ndvi": 0.6948,
        "nir": 0.3635
      },
      {
        "Index": "2002-02-05",
        "evi": 0.5198,
        "ndvi": 0.6942,
        "nir": 0.3667
      },
      {
        "Index": "2002-02-13",
        "evi": 0.5212,
        "ndvi": 0.6918,
        "nir": 0.3667
      },
      {
        "Index": "2002-02-21",
        "evi": 0.518,
        "ndvi": 0.6893,
        "nir": 0.3626
      },
      {
        "Index": "2002-03-01",
        "evi": 0.5099,
        "ndvi": 0.6875,
        "nir": 0.3544
      },
      {
        "Index": "2002-03-09",
        "evi": 0.4969,
        "ndvi": 0.6863,
        "nir": 0.3428
      },
      {
        "Index": "2002-03-17",
        "evi": 0.48,
        "ndvi": 0.685,
        "nir": 0.3294
      },
      {
        "Index": "2002-03-25",
        "evi": 0.4607,
        "ndvi": 0.6825,
        "nir": 0.3159
      },
      {
        "Index": "2002-04-02",
        "evi": 0.4403,
        "ndvi": 0.6774,
        "nir": 0.3035
      },
      {
        "Index": "2002-04-10",
        "evi": 0.4202,
        "ndvi": 0.6692,
        "nir": 0.2931
      },
      {
        "Index": "2002-04-18",
        "evi": 0.4012,
        "ndvi": 0.6576,
        "nir": 0.2845
      },
      {
        "Index": "2002-04-26",
        "evi": 0.3836,
        "ndvi": 0.6432,
        "nir": 0.2773
      },
      {
        "Index": "2002-05-04",
        "evi": 0.3674,
        "ndvi": 0.6268,
        "nir": 0.2708
      },
      {
        "Index": "2002-05-12",
        "evi": 0.3524,
        "ndvi": 0.6095,
        "nir": 0.2644
      },
      {
        "Index": "2002-05-20",
        "evi": 0.3386,
        "ndvi": 0.5921,
        "nir": 0.258
      },
      {
        "Index": "2002-05-28",
        "evi": 0.3258,
        "ndvi": 0.575,
        "nir": 0.2522
      },
      {
        "Index": "2002-06-05",
        "evi": 0.3143,
        "ndvi": 0.5581,
        "nir": 0.2477
      },
      {
        "Index": "2002-06-13",
        "evi": 0.3042,
        "ndvi": 0.5412,
        "nir": 0.2452
      },
      {
        "Index": "2002-06-21",
        "evi": 0.2952,
        "ndvi": 0.5236,
        "nir": 0.2451
      },
      {
        "Index": "2002-06-29",
        "evi": 0.2872,
        "ndvi": 0.5051,
        "nir": 0.2472
      },
      {
        "Index": "2002-07-07",
        "evi": 0.2796,
        "ndvi": 0.4854,
        "nir": 0.2507
      },
      {
        "Index": "2002-07-15",
        "evi": 0.2716,
        "ndvi": 0.4647,
        "nir": 0.2544
      },
      {
        "Index": "2002-07-23",
        "evi": 0.2627,
        "ndvi": 0.4432,
        "nir": 0.2573
      },
      {
        "Index": "2002-07-31",
        "evi": 0.2526,
        "ndvi": 0.4212,
        "nir": 0.2585
      },
      {
        "Index": "2002-08-08",
        "evi": 0.2411,
        "ndvi": 0.3989,
        "nir": 0.2578
      },
      {
        "Index": "2002-08-16",
        "evi": 0.2288,
        "ndvi": 0.3767,
        "nir": 0.2556
      },
      {
        "Index": "2002-08-24",
        "evi": 0.2159,
        "ndvi": 0.3544,
        "nir": 0.2527
      }
    ],
    "original_label": "",
    "n_members": 1
  },
  {
    "longitude": 0,
    "latitude": 0,
    "start_date": "2001-09-14",
    "end_date": "2002-08-29",
    "label": "Cerrado",
    "coverage": "mod13q1_512",
    "time_series": [
      {
        "Index": "2001-09-14",
        "evi": 0.2333,
        "ndvi": 0.4566,
        "nir": 0.2004
      },
      {
        "Index": "2001-09-22",
        "evi": 0.2587,
        "ndvi": 0.4943,
        "nir": 0.2119
      },
      {
        "Index": "2001-09-30",
        "evi": 0.2838,
        "ndvi": 0.5306,
        "nir": 0.2231
      },
      {
        "Index": "2001-10-08",
        "evi": 0.3078,
        "ndvi": 0.5634,
        "nir": 0.2337
      },
      {
        "Index": "2001-10-16",
        "evi": 0.3303,
        "ndvi": 0.591,
        "nir": 0.2434
      },
      {
        "Index": "2001-10-24",
        "evi": 0.3507,
        "ndvi": 0.6121,
        "nir": 0.252
      },
      {
        "Index": "2001-11-01",
        "evi": 0.3685,
        "ndvi": 0.6261,
        "nir": 0.2595
      },
      {
        "Index": "2001-11-09",
        "evi": 0.3836,
        "ndvi": 0.6334,
        "nir": 0.2661
      },
      {
        "Index": "2001-11-17",
        "evi": 0.3958,
        "ndvi": 0.6351,
        "nir": 0.2719
      },
      {
        "Index": "2001-11-25",
        "evi": 0.4052,
        "ndvi": 0.633,
        "nir": 0.2771
      },
      {
        "Index": "2001-12-03",
        "evi": 0.412,
        "ndvi": 0.6288,
        "nir": 0.2817
      },
      {
        "Index": "2001-12-11",
        "evi": 0.4163,
        "ndvi": 0.6242,
        "nir": 0.2858
      },
      {
        "Index": "2001-12-19",
        "evi": 0.4186,
        "ndvi": 0.6207,
        "nir": 0.2891
      },
      {
        "Index": "2001-12-27",
        "evi": 0.4191,
        "ndvi": 0.619,
        "nir": 0.2916
      },
      {
        "Index": "2002-01-04",
        "evi": 0.4184,
        "ndvi": 0.6197,
        "nir": 0.2931
      },
      {
        "Index": "2002-01-12",
        "evi": 0.4169,
        "ndvi": 0.6226,
        "nir": 0.2933
      },
      {
        "Index": "2002-01-20",
        "evi": 0.4149,
        "ndvi": 0.6276,
        "nir": 0.2922
      },
      {
        "Index": "2002-01-28",
        "evi": 0.4128,
        "ndvi": 0.634,
        "nir": 0.29
      },
      {
        "Index": "2002-02-05",
        "evi": 0.4107,
        "ndvi": 0.6414,
        "nir": 0.2868
      },
      {
        "Index": "2002-02-13",
        "evi": 0.4087,
        "ndvi": 0.6491,
        "nir": 0.2829
      },
      {
        "Index": "2002-02-21",
        "evi": 0.4065,
        "ndvi": 0.6568,
        "nir": 0.2784
      },
      {
        "Index": "2002-03-01",
        "evi": 0.4039,
        "ndvi": 0.6639,
        "nir": 0.2735
      },
      {
        "Index": "2002-03-09",
        "evi": 0.4006,
        "ndvi": 0.6702,
        "nir": 0.2684
      },
      {
        "Index": "2002-03-17",
        "evi": 0.3961,
        "ndvi": 0.6753,
        "nir": 0.2632
      },
      {
        "Index": "2002-03-25",
        "evi": 0.3903,
        "ndvi": 0.6791,
        "nir": 0.2579
      },
      {
        "Index": "2002-04-02",
        "evi": 0.3833,
        "ndvi": 0.6812,
        "nir": 0.2524
      },
      {
        "Index": "2002-04-10",
        "evi": 0.375,
        "ndvi": 0.6817,
        "nir": 0.2469
      },
      {
        "Index": "2002-04-18",
        "evi": 0.3659,
        "ndvi": 0.6802,
        "nir": 0.2414
      },
      {
        "Index": "2002-04-26",
        "evi": 0.3562,
        "ndvi": 0.6768,
        "nir": 0.2359
      },
      {
        "Index": "2002-05-04",
        "evi": 0.3463,
        "ndvi": 0.6714,
        "nir": 0.2306
      },
      {
        "Index": "2002-05-12",
        "evi": 0.3364,
        "ndvi": 0.6639,
        "nir": 0.2255
      },
      {
        "Index": "2002-05-20",
        "evi": 0.3265,
        "ndvi": 0.6543,
        "nir": 0.2206
      },
      {
        "Index": "2002-05-28",
        "evi": 0.3168,
        "ndvi": 0.6428,
        "nir": 0.2161
      },
      {
        "Index": "2002-06-05",
        "evi": 0.3071,
        "ndvi": 0.6294,
        "nir": 0.2118
      },
      {
        "Index": "2002-06-13",
        "evi": 0.2974,
        "ndvi": 0.6145,
        "nir": 0.208
      },
      {
        "Index": "2002-06-21",
        "evi": 0.2878,
        "ndvi": 0.5982,
        "nir": 0.2045
      },
      {
        "Index": "2002-06-29",
        "evi": 0.2785,
        "ndvi": 0.5812,
        "nir": 0.2016
      },
      {
        "Index": "2002-07-07",
        "evi": 0.2695,
        "ndvi": 0.5637,
        "nir": 0.1993
      },
      {
        "Index": "2002-07-15",
        "evi": 0.2613,
        "ndvi": 0.5461,
        "nir": 0.1977
      },
      {
        "Index": "2002-07-23",
        "evi": 0.2539,
        "ndvi": 0.5288,
        "nir": 0.1968
      },
      {
        "Index": "2002-07-31",
        "evi": 0.2475,
        "ndvi": 0.5118,
        "nir": 0.1967
      },
      {
        "Index": "2002-08-08",
        "evi": 0.2418,
        "ndvi": 0.4952,
        "nir": 0.197
      },
      {
        "Index": "2002-08-16",
        "evi": 0.2367,
        "ndvi": 0.4788,
        "nir": 0.1978
      },
      {
        "Index": "2002-08-24",
        "evi": 0.2319,
        "ndvi": 0.4625,
        "nir": 0.1987
      }
    ],
    "original_label": "",
    "n_members": 1
  },
  {
    "longitude": 0,
    "latitude": 0,
    "start_date": "2003-09-14",
    "end_date": "2004-08-28",
    "label": "Clear_cut1",
    "coverage": "mod13q1_512",
    "time_series": [
      {
        "Index": "2003-09-14",
        "evi": 0.4648,
        "ndvi": 0.7647,
        "nir": 0.2868
      },
      {
        "Index": "2003-09-22",
        "evi": 0.4795,
        "ndvi": 0.7732,
        "nir": 0.2969
      },
      {
        "Index": "2003-09-30",
        "evi": 0.4932,
        "ndvi": 0.7807,
        "nir": 0.3064
      },
      {
        "Index": "2003-10-08",
        "evi": 0.5045,
        "ndvi": 0.786,
        "nir": 0.3143
      },
      {
        "Index": "2003-10-16",
        "evi": 0.5124,
        "ndvi": 0.7879,
        "nir": 0.32
      },
      {
        "Index": "2003-10-24",
        "evi": 0.5161,
        "ndvi": 0.7859,
        "nir": 0.3227
      },
      {
        "Index": "2003-11-01",
        "evi": 0.5158,
        "ndvi": 0.7797,
        "nir": 0.3224
      },
      {
        "Index": "2003-11-09",
        "evi": 0.5121,
        "ndvi": 0.7698,
        "nir": 0.3195
      },
      {
        "Index": "2003-11-17",
        "evi": 0.5064,
        "ndvi": 0.7569,
        "nir": 0.3149
      },
      {
        "Index": "2003-11-25",
        "evi": 0.5003,
        "ndvi": 0.7423,
        "nir": 0.3099
      },
      {
        "Index": "2003-12-03",
        "evi": 0.4952,
        "ndvi": 0.727,
        "nir": 0.3059
      },
      {
        "Index": "2003-12-11",
        "evi": 0.4923,
        "ndvi": 0.7121,
        "nir": 0.3041
      },
      {
        "Index": "2003-12-19",
        "evi": 0.4924,
        "ndvi": 0.6984,
        "nir": 0.3054
      },
      {
        "Index": "2003-12-27",
        "evi": 0.4953,
        "ndvi": 0.6866,
        "nir": 0.31
      },
      {
        "Index": "2004-01-04",
        "evi": 0.5005,
        "ndvi": 0.6773,
        "nir": 0.3173
      },
      {
        "Index": "2004-01-12",
        "evi": 0.5069,
        "ndvi": 0.671,
        "nir": 0.3263
      },
      {
        "Index": "2004-01-20",
        "evi": 0.5133,
        "ndvi": 0.668,
        "nir": 0.3353
      },
      {
        "Index": "2004-01-28",
        "evi": 0.5184,
        "ndvi": 0.6687,
        "nir": 0.3427
      },
      {
        "Index": "2004-02-05",
        "evi": 0.5213,
        "ndvi": 0.6733,
        "nir": 0.347
      },
      {
        "Index": "2004-02-13",
        "evi": 0.5216,
        "ndvi": 0.6816,
        "nir": 0.3475
      },
      {
        "Index": "2004-02-21",
        "evi": 0.5192,
        "ndvi": 0.6931,
        "nir": 0.344
      },
      {
        "Index": "2004-02-29",
        "evi": 0.5147,
        "ndvi": 0.7071,
        "nir": 0.3371
      },
      {
        "Index": "2004-03-08",
        "evi": 0.5087,
        "ndvi": 0.7223,
        "nir": 0.328
      },
      {
        "Index": "2004-03-16",
        "evi": 0.502,
        "ndvi": 0.7378,
        "nir": 0.3181
      },
      {
        "Index": "2004-03-24",
        "evi": 0.4955,
        "ndvi": 0.7522,
        "nir": 0.3089
      },
      {
        "Index": "2004-04-01",
        "evi": 0.4895,
        "ndvi": 0.7646,
        "nir": 0.3013
      },
      {
        "Index": "2004-04-09",
        "evi": 0.4843,
        "ndvi": 0.7742,
        "nir": 0.296
      },
      {
        "Index": "2004-04-17",
        "evi": 0.4796,
        "ndvi": 0.7807,
        "nir": 0.2927
      },
      {
        "Index": "2004-04-25",
        "evi": 0.4751,
        "ndvi": 0.7837,
        "nir": 0.2911
      },
      {
        "Index": "2004-05-03",
        "evi": 0.4703,
        "ndvi": 0.7833,
        "nir": 0.2902
      },
      {
        "Index": "2004-05-11",
        "evi": 0.4644,
        "ndvi": 0.7795,
        "nir": 0.2893
      },
      {
        "Index": "2004-05-19",
        "evi": 0.4571,
        "ndvi": 0.7724,
        "nir": 0.2876
      },
      {
        "Index": "2004-05-27",
        "evi": 0.448,
        "ndvi": 0.762,
        "nir": 0.2849
      },
      {
        "Index": "2004-06-04",
        "evi": 0.4371,
        "ndvi": 0.7484,
        "nir": 0.2812
      },
      {
        "Index": "2004-06-12",
        "evi": 0.4247,
        "ndvi": 0.7319,
        "nir": 0.2766
      },
      {
        "Index": "2004-06-20",
        "evi": 0.4111,
        "ndvi": 0.7128,
        "nir": 0.2716
      },
      {
        "Index": "2004-06-28",
        "evi": 0.3966,
        "ndvi": 0.6917,
        "nir": 0.2666
      },
      {
        "Index": "2004-07-06",
        "evi": 0.3819,
        "ndvi": 0.6693,
        "nir": 0.2617
      },
      {
        "Index": "2004-07-14",
        "evi": 0.3672,
        "ndvi": 0.6464,
        "nir": 0.2571
      },
      {
        "Index": "2004-07-22",
        "evi": 0.3528,
        "ndvi": 0.6236,
        "nir": 0.2528
      },
      {
        "Index": "2004-07-30",
        "evi": 0.3387,
        "ndvi": 0.6013,
        "nir": 0.2487
      },
      {
        "Index": "2004-08-07",
        "evi": 0.3249,
        "ndvi": 0.5796,
        "nir": 0.2446
      },
      {
        "Index": "2004-08-15",
        "evi": 0.3114,
        "ndvi": 0.5585,
        "nir": 0.2404
      },
      {
        "Index": "2004-08-23",
        "evi": 0.2979,
        "ndvi": 0.5376,
        "nir": 0.2362
      }
    ],
    "original_label": "",
    "n_members": 1
  },
  {
    "longitude": 0,
    "latitude": 0,
    "start_date": "2003-09-14",
    "end_date": "2004-08-28",
    "label": "Clear_cut2",
    "coverage": "mod13q1_512",
    "time_series": [
      {
        "Index": "2003-09-14",
        "evi": 0.4676,
        "ndvi": 0.7461,
        "nir": 0.2793
      },
      {
        "Index": "2003-09-22",
        "evi": 0.4947,
        "ndvi": 0.7852,
        "nir": 0.2968
      },
      {
        "Index": "2003-09-30",
        "evi": 0.5206,
        "ndvi": 0.8204,
        "nir": 0.3138
      },
      {
        "Index": "2003-10-08",
        "evi": 0.5443,
        "ndvi": 0.8481,
        "nir": 0.3297
      },
      {
        "Index": "2003-10-16",
        "evi": 0.5648,
        "ndvi": 0.8658,
        "nir": 0.3436
      },
      {
        "Index": "2003-10-24",
        "evi": 0.581,
        "ndvi": 0.8721,
        "nir": 0.355
      },
      {
        "Index": "2003-11-01",
        "evi": 0.5927,
        "ndvi": 0.868,
        "nir": 0.3633
      },
      {
        "Index": "2003-11-09",
        "evi": 0.5996,
        "ndvi": 0.8556,
        "nir": 0.368
      },
      {
        "Index": "2003-11-17",
        "evi": 0.6024,
        "ndvi": 0.8387,
        "nir": 0.3692
      },
      {
        "Index": "2003-11-25",
        "evi": 0.6017,
        "ndvi": 0.8212,
        "nir": 0.3671
      },
      {
        "Index": "2003-12-03",
        "evi": 0.5986,
        "ndvi": 0.8063,
        "nir": 0.3624
      },
      {
        "Index": "2003-12-11",
        "evi": 0.594,
        "ndvi": 0.7968,
        "nir": 0.3559
      },
      {
        "Index": "2003-12-19",
        "evi": 0.5891,
        "ndvi": 0.7933,
        "nir": 0.3489
      },
      {
        "Index": "2003-12-27",
        "evi": 0.5845,
        "ndvi": 0.7958,
        "nir": 0.3421
      },
      {
        "Index": "2004-01-04",
        "evi": 0.5809,
        "ndvi": 0.8027,
        "nir": 0.3366
      },
      {
        "Index": "2004-01-12",
        "evi": 0.5782,
        "ndvi": 0.812,
        "nir": 0.3328
      },
      {
        "Index": "2004-01-20",
        "evi": 0.5763,
        "ndvi": 0.8215,
        "nir": 0.3306
      },
      {
        "Index": "2004-01-28",
        "evi": 0.5748,
        "ndvi": 0.8294,
        "nir": 0.33
      },
      {
        "Index": "2004-02-05",
        "evi": 0.573,
        "ndvi": 0.8352,
        "nir": 0.3302
      },
      {
        "Index": "2004-02-13",
        "evi": 0.5707,
        "ndvi": 0.8387,
        "nir": 0.3306
      },
      {
        "Index": "2004-02-21",
        "evi": 0.5674,
        "ndvi": 0.8408,
        "nir": 0.3304
      },
      {
        "Index": "2004-02-29",
        "evi": 0.5627,
        "ndvi": 0.8424,
        "nir": 0.3292
      },
      {
        "Index": "2004-03-08",
        "evi": 0.5568,
        "ndvi": 0.8446,
        "nir": 0.3265
      },
      {
        "Index": "2004-03-16",
        "evi": 0.5496,
        "ndvi": 0.8479,
        "nir": 0.3223
      },
      {
        "Index": "2004-03-24",
        "evi": 0.5413,
        "ndvi": 0.8522,
        "nir": 0.3167
      },
      {
        "Index": "2004-04-01",
        "evi": 0.5321,
        "ndvi": 0.8568,
        "nir": 0.3102
      },
      {
        "Index": "2004-04-09",
        "evi": 0.5221,
        "ndvi": 0.8605,
        "nir": 0.3031
      },
      {
        "Index": "2004-04-17",
        "evi": 0.5115,
        "ndvi": 0.8619,
        "nir": 0.296
      },
      {
        "Index": "2004-04-25",
        "evi": 0.5003,
        "ndvi": 0.8596,
        "nir": 0.2893
      },
      {
        "Index": "2004-05-03",
        "evi": 0.4884,
        "ndvi": 0.8526,
        "nir": 0.2833
      },
      {
        "Index": "2004-05-11",
        "evi": 0.4757,
        "ndvi": 0.8405,
        "nir": 0.278
      },
      {
        "Index": "2004-05-19",
        "evi": 0.4622,
        "ndvi": 0.8237,
        "nir": 0.2735
      },
      {
        "Index": "2004-05-27",
        "evi": 0.4478,
        "ndvi": 0.8027,
        "nir": 0.2694
      },
      {
        "Index": "2004-06-04",
        "evi": 0.4325,
        "ndvi": 0.7787,
        "nir": 0.2657
      },
      {
        "Index": "2004-06-12",
        "evi": 0.4162,
        "ndvi": 0.7528,
        "nir": 0.2619
      },
      {
        "Index": "2004-06-20",
        "evi": 0.3991,
        "ndvi": 0.726,
        "nir": 0.2578
      },
      {
        "Index": "2004-06-28",
        "evi": 0.3811,
        "ndvi": 0.6989,
        "nir": 0.2531
      },
      {
        "Index": "2004-07-06",
        "evi": 0.3625,
        "ndvi": 0.6718,
        "nir": 0.2476
      },
      {
        "Index": "2004-07-14",
        "evi": 0.3432,
        "ndvi": 0.6446,
        "nir": 0.2412
      },
      {
        "Index": "2004-07-22",
        "evi": 0.3234,
        "ndvi": 0.617,
        "nir": 0.2339
      },
      {
        "Index": "2004-07-30",
        "evi": 0.3031,
        "ndvi": 0.5886,
        "nir": 0.2256
      },
      {
        "Index": "2004-08-07",
        "evi": 0.2824,
        "ndvi": 0.5593,
        "nir": 0.2166
      },
      {
        "Index": "2004-08-15",
        "evi": 0.2614,
        "ndvi": 0.5289,
        "nir": 0.207
      },
      {
        "Index": "2004-08-23",
        "evi": 0.2402,
        "ndvi": 0.4978,
        "nir": 0.1971
      }
    ],
    "original_label": "Clear_cut",
    "n_members": 10
  },
  {
    "longitude": 0,
    "latitude": 0,
    "start_date": "2001-09-14",
    "end_date": "2002-08-29",
    "label": "Water",
    "coverage": "mod13q1_512",
    "time_series": [
      {
        "Index": "2001-09-14",
        "evi": 0.0388,
        "ndvi": 0.1356,
        "nir": 0.0483
      },
      {
        "Index": "2001-09-22",
        "evi": 0.0438,
        "ndvi": 0.1382,
        "nir": 0.0616
      },
      {
        "Index": "2001-09-30",
        "evi": 0.0487,
        "ndvi": 0.1408,
        "nir": 0.0747
      },
      {
        "Index": "2001-10-08",
        "evi": 0.0535,
        "ndvi": 0.1432,
        "nir": 0.0876
      },
      {
        "Index": "2001-10-16",
        "evi": 0.0579,
        "ndvi": 0.1453,
        "nir": 0.1
      },
      {
        "Index": "2001-10-24",
        "evi": 0.0619,
        "ndvi": 0.1472,
        "nir": 0.1114
      },
      {
        "Index": "2001-11-01",
        "evi": 0.0655,
        "ndvi": 0.1487,
        "nir": 0.1214
      },
      {
        "Index": "2001-11-09",
        "evi": 0.0686,
        "ndvi": 0.1499,
        "nir": 0.1297
      },
      {
        "Index": "2001-11-17",
        "evi": 0.0713,
        "ndvi": 0.1509,
        "nir": 0.1362
      },
      {
        "Index": "2001-11-25",
        "evi": 0.0738,
        "ndvi": 0.1516,
        "nir": 0.1408
      },
      {
        "Index": "2001-12-03",
        "evi": 0.0759,
        "ndvi": 0.1522,
        "nir": 0.1441
      },
      {
        "Index": "2001-12-11",
        "evi": 0.0778,
        "ndvi": 0.1526,
        "nir": 0.1466
      },
      {
        "Index": "2001-12-19",
        "evi": 0.0795,
        "ndvi": 0.1529,
        "nir": 0.149
      },
      {
        "Index": "2001-12-27",
        "evi": 0.0809,
        "ndvi": 0.1529,
        "nir": 0.1517
      },
      {
        "Index": "2002-01-04",
        "evi": 0.0821,
        "ndvi": 0.1528,
        "nir": 0.155
      },
      {
        "Index": "2002-01-12",
        "evi": 0.0829,
        "ndvi": 0.1524,
        "nir": 0.1589
      },
      {
        "Index": "2002-01-20",
        "evi": 0.0834,
        "ndvi": 0.1518,
        "nir": 0.1629
      },
      {
        "Index": "2002-01-28",
        "evi": 0.0834,
        "ndvi": 0.1509,
        "nir": 0.1665
      },
      {
        "Index": "2002-02-05",
        "evi": 0.083,
        "ndvi": 0.1497,
        "nir": 0.1687
      },
      {
        "Index": "2002-02-13",
        "evi": 0.0822,
        "ndvi": 0.1483,
        "nir": 0.169
      },
      {
        "Index": "2002-02-21",
        "evi": 0.081,
        "ndvi": 0.1466,
        "nir": 0.167
      },
      {
        "Index": "2002-03-01",
        "evi": 0.0794,
        "ndvi": 0.1447,
        "nir": 0.1626
      },
      {
        "Index": "2002-03-09",
        "evi": 0.0775,
        "ndvi": 0.1425,
        "nir": 0.1561
      },
      {
        "Index": "2002-03-17",
        "evi": 0.0752,
        "ndvi": 0.14,
        "nir": 0.148
      },
      {
        "Index": "2002-03-25",
        "evi": 0.0726,
        "ndvi": 0.1373,
        "nir": 0.1389
      },
      {
        "Index": "2002-04-02",
        "evi": 0.0698,
        "ndvi": 0.1342,
        "nir": 0.1292
      },
      {
        "Index": "2002-04-10",
        "evi": 0.0666,
        "ndvi": 0.1309,
        "nir": 0.1194
      },
      {
        "Index": "2002-04-18",
        "evi": 0.0633,
        "ndvi": 0.1272,
        "nir": 0.1097
      },
      {
        "Index": "2002-04-26",
        "evi": 0.0597,
        "ndvi": 0.1233,
        "nir": 0.1
      },
      {
        "Index": "2002-05-04",
        "evi": 0.0559,
        "ndvi": 0.1192,
        "nir": 0.0904
      },
      {
        "Index": "2002-05-12",
        "evi": 0.0521,
        "ndvi": 0.1148,
        "nir": 0.0809
      },
      {
        "Index": "2002-05-20",
        "evi": 0.0482,
        "ndvi": 0.1102,
        "nir": 0.0718
      },
      {
        "Index": "2002-05-28",
        "evi": 0.0443,
        "ndvi": 0.1054,
        "nir": 0.0633
      },
      {
        "Index": "2002-06-05",
        "evi": 0.0406,
        "ndvi": 0.1004,
        "nir": 0.0557
      },
      {
        "Index": "2002-06-13",
        "evi": 0.0369,
        "ndvi": 0.0952,
        "nir": 0.0496
      },
      {
        "Index": "2002-06-21",
        "evi": 0.0334,
        "ndvi": 0.0898,
        "nir": 0.0449
      },
      {
        "Index": "2002-06-29",
        "evi": 0.03,
        "ndvi": 0.0842,
        "nir": 0.0419
      },
      {
        "Index": "2002-07-07",
        "evi": 0.0267,
        "ndvi": 0.0783,
        "nir": 0.0404
      },
      {
        "Index": "2002-07-15",
        "evi": 0.0235,
        "ndvi": 0.0723,
        "nir": 0.0399
      },
      {
        "Index": "2002-07-23",
        "evi": 0.0203,
        "ndvi": 0.0661,
        "nir": 0.0401
      },
      {
        "Index": "2002-07-31",
        "evi": 0.0172,
        "ndvi": 0.0598,
        "nir": 0.0406
      },
      {
        "Index": "2002-08-08",
        "evi": 0.014,
        "ndvi": 0.0534,
        "nir": 0.0411
      },
      {
        "Index": "2002-08-16",
        "evi": 0.0109,
        "ndvi": 0.047,
        "nir": 0.0416
      },
      {
        "Index": "2002-08-24",
        "evi": 0.0077,
        "ndvi": 0.0405,
        "nir": 0.0421
      }
    ],
    "original_label": "",
    "n_members": 1
  },
  {
    "longitude": 0,
    "latitude": 0,
    "start_date": "2001-09-14",
    "end_date": "2002-08-29",
    "label": "Crop_Cotton",
    "coverage": "mod13q1_512",
    "time_series": [
      {
        "Index": "2001-09-14",
        "evi": 0.1873,
        "ndvi": 0.3102,
        "nir": 0.2313
      },
      {
        "Index": "2001-09-22",
        "evi": 0.175,
        "ndvi": 0.3059,
        "nir": 0.2236
      },
      {
        "Index": "2001-09-30",
        "evi": 0.1742,
        "ndvi": 0.3134,
        "nir": 0.221
      },
      {
        "Index": "2001-10-08",
        "evi": 0.1943,
        "ndvi": 0.3426,
        "nir": 0.2278
      },
      {
        "Index": "2001-10-16",
        "evi": 0.2374,
        "ndvi": 0.3947,
        "nir": 0.2453
      },
      {
        "Index": "2001-10-24",
        "evi": 0.3008,
        "ndvi": 0.4661,
        "nir": 0.2725
      },
      {
        "Index": "2001-11-01",
        "evi": 0.3723,
        "ndvi": 0.5425,
        "nir": 0.3044
      },
      {
        "Index": "2001-11-09",
        "evi": 0.4369,
        "ndvi": 0.6074,
        "nir": 0.3344
      },
      {
        "Index": "2001-11-17",
        "evi": 0.4805,
        "ndvi": 0.6456,
        "nir": 0.3562
      },
      {
        "Index": "2001-11-25",
        "evi": 0.4916,
        "ndvi": 0.6452,
        "nir": 0.3642
      },
      {
        "Index": "2001-12-03",
        "evi": 0.4699,
        "ndvi": 0.6074,
        "nir": 0.3578
      },
      {
        "Index": "2001-12-11",
        "evi": 0.4208,
        "ndvi": 0.5394,
        "nir": 0.3387
      },
      {
        "Index": "2001-12-19",
        "evi": 0.3597,
        "ndvi": 0.4594,
        "nir": 0.3132
      },
      {
        "Index": "2001-12-27",
        "evi": 0.3046,
        "ndvi": 0.388,
        "nir": 0.2893
      },
      {
        "Index": "2002-01-04",
        "evi": 0.2723,
        "ndvi": 0.3434,
        "nir": 0.2747
      },
      {
        "Index": "2002-01-12",
        "evi": 0.2739,
        "ndvi": 0.3372,
        "nir": 0.2755
      },
      {
        "Index": "2002-01-20",
        "evi": 0.3126,
        "ndvi": 0.3714,
        "nir": 0.2941
      },
      {
        "Index": "2002-01-28",
        "evi": 0.3848,
        "ndvi": 0.4413,
        "nir": 0.3302
      },
      {
        "Index": "2002-02-05",
        "evi": 0.4789,
        "ndvi": 0.5332,
        "nir": 0.3788
      },
      {
        "Index": "2002-02-13",
        "evi": 0.5814,
        "ndvi": 0.633,
        "nir": 0.4338
      },
      {
        "Index": "2002-02-21",
        "evi": 0.6775,
        "ndvi": 0.7257,
        "nir": 0.4874
      },
      {
        "Index": "2002-03-01",
        "evi": 0.7558,
        "ndvi": 0.8013,
        "nir": 0.5328
      },
      {
        "Index": "2002-03-09",
        "evi": 0.8101,
        "ndvi": 0.8555,
        "nir": 0.5649
      },
      {
        "Index": "2002-03-17",
        "evi": 0.8381,
        "ndvi": 0.8882,
        "nir": 0.5808
      },
      {
        "Index": "2002-03-25",
        "evi": 0.8425,
        "ndvi": 0.9039,
        "nir": 0.5806
      },
      {
        "Index": "2002-04-02",
        "evi": 0.827,
        "ndvi": 0.9067,
        "nir": 0.5658
      },
      {
        "Index": "2002-04-10",
        "evi": 0.7963,
        "ndvi": 0.8999,
        "nir": 0.5394
      },
      {
        "Index": "2002-04-18",
        "evi": 0.7536,
        "ndvi": 0.8845,
        "nir": 0.5049
      },
      {
        "Index": "2002-04-26",
        "evi": 0.7008,
        "ndvi": 0.8583,
        "nir": 0.4658
      },
      {
        "Index": "2002-05-04",
        "evi": 0.6391,
        "ndvi": 0.8193,
        "nir": 0.4251
      },
      {
        "Index": "2002-05-12",
        "evi": 0.57,
        "ndvi": 0.7658,
        "nir": 0.3854
      },
      {
        "Index": "2002-05-20",
        "evi": 0.4962,
        "ndvi": 0.6989,
        "nir": 0.3489
      },
      {
        "Index": "2002-05-28",
        "evi": 0.422,
        "ndvi": 0.6234,
        "nir": 0.3172
      },
      {
        "Index": "2002-06-05",
        "evi": 0.3529,
        "ndvi": 0.5459,
        "nir": 0.2917
      },
      {
        "Index": "2002-06-13",
        "evi": 0.2945,
        "ndvi": 0.4751,
        "nir": 0.2731
      },
      {
        "Index": "2002-06-21",
        "evi": 0.2509,
        "ndvi": 0.4178,
        "nir": 0.2615
      },
      {
        "Index": "2002-06-29",
        "evi": 0.2236,
        "ndvi": 0.3778,
        "nir": 0.2559
      },
      {
        "Index": "2002-07-07",
        "evi": 0.2112,
        "ndvi": 0.3552,
        "nir": 0.2551
      },
      {
        "Index": "2002-07-15",
        "evi": 0.2088,
        "ndvi": 0.3453,
        "nir": 0.2567
      },
      {
        "Index": "2002-07-23",
        "evi": 0.211,
        "ndvi": 0.3422,
        "nir": 0.2589
      },
      {
        "Index": "2002-07-31",
        "evi": 0.2117,
        "ndvi": 0.3385,
        "nir": 0.2597
      },
      {
        "Index": "2002-08-08",
        "evi": 0.2071,
        "ndvi": 0.3293,
        "nir": 0.2581
      },
      {
        "Index": "2002-08-16",
        "evi": 0.196,
        "ndvi": 0.3131,
        "nir": 0.2542
      },
      {
        "Index": "2002-08-24",
        "evi": 0.1794,
        "ndvi": 0.2905,
        "nir": 0.2484
      }
    ],
    "original_label": "Crop_Cotton",
    "n_members": 1426
  },
  {
    "longitude": 0,
    "latitude": 0,
    "start_date": "2001-09-14",
    "end_date": "2002-08-29",
    "label": "Fallow_Cotton",
    "coverage": "mod13q1_512",
    "time_series": [
      {
        "Index": "2001-09-14",
        "evi": 0.1626,
        "ndvi": 0.2665,
        "nir": 0.2484
      },
      {
        "Index": "2001-09-22",
        "evi": 0.1721,
        "ndvi": 0.2876,
        "nir": 0.2402
      },
      {
        "Index": "2001-09-30",
        "evi": 0.1827,
        "ndvi": 0.3097,
        "nir": 0.233
      },
      {
        "Index": "2001-10-08",
        "evi": 0.1955,
        "ndvi": 0.3337,
        "nir": 0.2284
      },
      {
        "Index": "2001-10-16",
        "evi": 0.2113,
        "ndvi": 0.3599,
        "nir": 0.2276
      },
      {
        "Index": "2001-10-24",
        "evi": 0.2302,
        "ndvi": 0.3877,
        "nir": 0.2313
      },
      {
        "Index": "2001-11-01",
        "evi": 0.2513,
        "ndvi": 0.4151,
        "nir": 0.2395
      },
      {
        "Index": "2001-11-09",
        "evi": 0.2727,
        "ndvi": 0.4395,
        "nir": 0.2511
      },
      {
        "Index": "2001-11-17",
        "evi": 0.2917,
        "ndvi": 0.4577,
        "nir": 0.2645
      },
      {
        "Index": "2001-11-25",
        "evi": 0.3058,
        "ndvi": 0.4671,
        "nir": 0.2774
      },
      {
        "Index": "2001-12-03",
        "evi": 0.3126,
        "ndvi": 0.4662,
        "nir": 0.2878
      },
      {
        "Index": "2001-12-11",
        "evi": 0.3111,
        "ndvi": 0.4552,
        "nir": 0.294
      },
      {
        "Index": "2001-12-19",
        "evi": 0.3021,
        "ndvi": 0.4367,
        "nir": 0.2952
      },
      {
        "Index": "2001-12-27",
        "evi": 0.2884,
        "ndvi": 0.4154,
        "nir": 0.2918
      },
      {
        "Index": "2002-01-04",
        "evi": 0.2743,
        "ndvi": 0.3972,
        "nir": 0.2854
      },
      {
        "Index": "2002-01-12",
        "evi": 0.2655,
        "ndvi": 0.3887,
        "nir": 0.2787
      },
      {
        "Index": "2002-01-20",
        "evi": 0.2675,
        "ndvi": 0.3955,
        "nir": 0.2747
      },
      {
        "Index": "2002-01-28",
        "evi": 0.2848,
        "ndvi": 0.4209,
        "nir": 0.2764
      },
      {
        "Index": "2002-02-05",
        "evi": 0.3196,
        "ndvi": 0.4656,
        "nir": 0.2859
      },
      {
        "Index": "2002-02-13",
        "evi": 0.371,
        "ndvi": 0.5264,
        "nir": 0.3042
      },
      {
        "Index": "2002-02-21",
        "evi": 0.4353,
        "ndvi": 0.5976,
        "nir": 0.3304
      },
      {
        "Index": "2002-03-01",
        "evi": 0.5063,
        "ndvi": 0.6716,
        "nir": 0.3624
      },
      {
        "Index": "2002-03-09",
        "evi": 0.5765,
        "ndvi": 0.7406,
        "nir": 0.3965
      },
      {
        "Index": "2002-03-17",
        "evi": 0.6383,
        "ndvi": 0.798,
        "nir": 0.4288
      },
      {
        "Index": "2002-03-25",
        "evi": 0.6856,
        "ndvi": 0.8396,
        "nir": 0.4552
      },
      {
        "Index": "2002-04-02",
        "evi": 0.7145,
        "ndvi": 0.864,
        "nir": 0.4724
      },
      {
        "Index": "2002-04-10",
        "evi": 0.7238,
        "ndvi": 0.8726,
        "nir": 0.4786
      },
      {
        "Index": "2002-04-18",
        "evi": 0.7147,
        "ndvi": 0.8684,
        "nir": 0.4733
      },
      {
        "Index": "2002-04-26",
        "evi": 0.6904,
        "ndvi": 0.8548,
        "nir": 0.4576
      },
      {
        "Index": "2002-05-04",
        "evi": 0.6546,
        "ndvi": 0.8345,
        "nir": 0.4339
      },
      {
        "Index": "2002-05-12",
        "evi": 0.6108,
        "ndvi": 0.8088,
        "nir": 0.4052
      },
      {
        "Index": "2002-05-20",
        "evi": 0.5622,
        "ndvi": 0.7772,
        "nir": 0.3747
      },
      {
        "Index": "2002-05-28",
        "evi": 0.5107,
        "ndvi": 0.7382,
        "nir": 0.3452
      },
      {
        "Index": "2002-06-05",
        "evi": 0.4577,
        "ndvi": 0.6905,
        "nir": 0.3189
      },
      {
        "Index": "2002-06-13",
        "evi": 0.4044,
        "ndvi": 0.6338,
        "nir": 0.2969
      },
      {
        "Index": "2002-06-21",
        "evi": 0.3523,
        "ndvi": 0.57,
        "nir": 0.2797
      },
      {
        "Index": "2002-06-29",
        "evi": 0.3031,
        "ndvi": 0.5029,
        "nir": 0.2669
      },
      {
        "Index": "2002-07-07",
        "evi": 0.2591,
        "ndvi": 0.4379,
        "nir": 0.2577
      },
      {
        "Index": "2002-07-15",
        "evi": 0.2225,
        "ndvi": 0.3806,
        "nir": 0.2512
      },
      {
        "Index": "2002-07-23",
        "evi": 0.1949,
        "ndvi": 0.3356,
        "nir": 0.2464
      },
      {
        "Index": "2002-07-31",
        "evi": 0.1764,
        "ndvi": 0.3046,
        "nir": 0.2426
      },
      {
        "Index": "2002-08-08",
        "evi": 0.1658,
        "ndvi": 0.2867,
        "nir": 0.2392
      },
      {
        "Index": "2002-08-16",
        "evi": 0.1607,
        "ndvi": 0.2782,
        "nir": 0.2359
      },
      {
        "Index": "2002-08-24",
        "evi": 0.1581,
        "ndvi": 0.274,
        "nir": 0.2327
      }
    ],
    "original_label": "",
    "n_members": 1
  },
  {
    "longitude": 0,
    "latitude": 0,
    "start_date": "2000-09-13",
    "end_date": "2001-08-23",
    "label": "Forest1",
    "coverage": "mod13q1_512",
    "time_series": [
      {
        "Index": "2000-09-13",
        "ndvi": 0.7435,
        "evi": 0.4651,
        "nir": 0.2846
      },
      {
        "Index": "2000-09-21",
        "ndvi": 0.7469,
        "evi": 0.4753,
        "nir": 0.2943
      },
      {
        "Index": "2000-09-29",
        "ndvi": 0.7502,
        "evi": 0.4851,
        "nir": 0.3034
      },
      {
        "Index": "2000-10-07",
        "ndvi": 0.7536,
        "evi": 0.4937,
        "nir": 0.3112
      },
      {
        "Index": "2000-10-15",
        "ndvi": 0.757,
        "evi": 0.5009,
        "nir": 0.317
      },
      {
        "Index": "2000-10-23",
        "ndvi": 0.7601,
        "evi": 0.5067,
        "nir": 0.321
      },
      {
        "Index": "2000-10-31",
        "ndvi": 0.7626,
        "evi": 0.512,
        "nir": 0.3237
      },
      {
        "Index": "2000-11-08",
        "ndvi": 0.7641,
        "evi": 0.5177,
        "nir": 0.326
      },
      {
        "Index": "2000-11-16",
        "ndvi": 0.7644,
        "evi": 0.5247,
        "nir": 0.3291
      },
      {
        "Index": "2000-11-24",
        "ndvi": 0.7635,
        "evi": 0.533,
        "nir": 0.3333
      },
      {
        "Index": "2000-12-02",
        "ndvi": 0.7616,
        "evi": 0.5421,
        "nir": 0.3385
      },
      {
        "Index": "2000-12-10",
        "ndvi": 0.7591,
        "evi": 0.5505,
        "nir": 0.3437
      },
      {
        "Index": "2000-12-18",
        "ndvi": 0.7567,
        "evi": 0.5564,
        "nir": 0.3477
      },
      {
        "Index": "2000-12-26",
        "ndvi": 0.7546,
        "evi": 0.5582,
        "nir": 0.3494
      },
      {
        "Index": "2001-01-03",
        "ndvi": 0.753,
        "evi": 0.5551,
        "nir": 0.348
      },
      {
        "Index": "2001-01-11",
        "ndvi": 0.7518,
        "evi": 0.5472,
        "nir": 0.3436
      },
      {
        "Index": "2001-01-19",
        "ndvi": 0.7508,
        "evi": 0.5356,
        "nir": 0.3369
      },
      {
        "Index": "2001-01-27",
        "ndvi": 0.7498,
        "evi": 0.5221,
        "nir": 0.329
      },
      {
        "Index": "2001-02-04",
        "ndvi": 0.7486,
        "evi": 0.5086,
        "nir": 0.3211
      },
      {
        "Index": "2001-02-12",
        "ndvi": 0.7473,
        "evi": 0.4973,
        "nir": 0.3145
      },
      {
        "Index": "2001-02-20",
        "ndvi": 0.7464,
        "evi": 0.4897,
        "nir": 0.3098
      },
      {
        "Index": "2001-02-28",
        "ndvi": 0.7466,
        "evi": 0.4863,
        "nir": 0.307
      },
      {
        "Index": "2001-03-08",
        "ndvi": 0.7488,
        "evi": 0.4866,
        "nir": 0.3054
      },
      {
        "Index": "2001-03-16",
        "ndvi": 0.7536,
        "evi": 0.4891,
        "nir": 0.304
      },
      {
        "Index": "2001-03-24",
        "ndvi": 0.7614,
        "evi": 0.4921,
        "nir": 0.3016
      },
      {
        "Index": "2001-04-01",
        "ndvi": 0.7722,
        "evi": 0.4939,
        "nir": 0.2974
      },
      {
        "Index": "2001-04-09",
        "ndvi": 0.785,
        "evi": 0.493,
        "nir": 0.2913
      },
      {
        "Index": "2001-04-17",
        "ndvi": 0.7984,
        "evi": 0.4889,
        "nir": 0.2836
      },
      {
        "Index": "2001-04-25",
        "ndvi": 0.8112,
        "evi": 0.4816,
        "nir": 0.2751
      },
      {
        "Index": "2001-05-03",
        "ndvi": 0.822,
        "evi": 0.4721,
        "nir": 0.2665
      },
      {
        "Index": "2001-05-11",
        "ndvi": 0.8298,
        "evi": 0.4614,
        "nir": 0.2589
      },
      {
        "Index": "2001-05-19",
        "ndvi": 0.8344,
        "evi": 0.4509,
        "nir": 0.2528
      },
      {
        "Index": "2001-05-27",
        "ndvi": 0.8356,
        "evi": 0.4418,
        "nir": 0.2484
      },
      {
        "Index": "2001-06-04",
        "ndvi": 0.8344,
        "evi": 0.4349,
        "nir": 0.2456
      },
      {
        "Index": "2001-06-12",
        "ndvi": 0.8314,
        "evi": 0.4306,
        "nir": 0.2442
      },
      {
        "Index": "2001-06-20",
        "ndvi": 0.8276,
        "evi": 0.429,
        "nir": 0.244
      },
      {
        "Index": "2001-06-28",
        "ndvi": 0.8237,
        "evi": 0.4298,
        "nir": 0.2448
      },
      {
        "Index": "2001-07-06",
        "ndvi": 0.8201,
        "evi": 0.4326,
        "nir": 0.2466
      },
      {
        "Index": "2001-07-14",
        "ndvi": 0.8169,
        "evi": 0.4369,
        "nir": 0.2495
      },
      {
        "Index": "2001-07-22",
        "ndvi": 0.8142,
        "evi": 0.4424,
        "nir": 0.2536
      },
      {
        "Index": "2001-07-30",
        "ndvi": 0.8117,
        "evi": 0.4485,
        "nir": 0.2589
      },
      {
        "Index": "2001-08-07",
        "ndvi": 0.8095,
        "evi": 0.4551,
        "nir": 0.2652
      },
      {
        "Index": "2001-08-15",
        "ndvi": 0.8072,
        "evi": 0.4618,
        "nir": 0.2722
      },
      {
        "Index": "2001-08-23",
        "ndvi": 0.805,
        "evi": 0.4686,
        "nir": 0.2795
      }
    ]
  },
  {
    "longitude": 0,
    "latitude": 0,
    "start_date": "2001-09-14",
    "end_date": "2002-08-29",
    "label": "Pasture1",
    "coverage": "mod13q1_512",
    "time_series": [
      {
        "Index": "2001-09-14",
        "evi": 0.2576,
        "ndvi": 0.4261,
        "nir": 0.2643
      },
      {
        "Index": "2001-09-22",
        "evi": 0.2791,
        "ndvi": 0.4566,
        "nir": 0.2705
      },
      {
        "Index": "2001-09-30",
        "evi": 0.3007,
        "ndvi": 0.4861,
        "nir": 0.2768
      },
      {
        "Index": "2001-10-08",
        "evi": 0.3223,
        "ndvi": 0.5134,
        "nir": 0.2833
      },
      {
        "Index": "2001-10-16",
        "evi": 0.3437,
        "ndvi": 0.5376,
        "nir": 0.29
      },
      {
        "Index": "2001-10-24",
        "evi": 0.3647,
        "ndvi": 0.5578,
        "nir": 0.2971
      },
      {
        "Index": "2001-11-01",
        "evi": 0.3847,
        "ndvi": 0.5741,
        "nir": 0.3043
      },
      {
        "Index": "2001-11-09",
        "evi": 0.4033,
        "ndvi": 0.5866,
        "nir": 0.3115
      },
      {
        "Index": "2001-11-17",
        "evi": 0.4199,
        "ndvi": 0.5961,
        "nir": 0.3185
      },
      {
        "Index": "2001-11-25",
        "evi": 0.434,
        "ndvi": 0.6032,
        "nir": 0.3252
      },
      {
        "Index": "2001-12-03",
        "evi": 0.4454,
        "ndvi": 0.6085,
        "nir": 0.3313
      },
      {
        "Index": "2001-12-11",
        "evi": 0.4541,
        "ndvi": 0.6125,
        "nir": 0.3368
      },
      {
        "Index": "2001-12-19",
        "evi": 0.4603,
        "ndvi": 0.6153,
        "nir": 0.3418
      },
      {
        "Index": "2001-12-27",
        "evi": 0.4646,
        "ndvi": 0.6175,
        "nir": 0.3461
      },
      {
        "Index": "2002-01-04",
        "evi": 0.4678,
        "ndvi": 0.6194,
        "nir": 0.3499
      },
      {
        "Index": "2002-01-12",
        "evi": 0.4705,
        "ndvi": 0.6218,
        "nir": 0.3532
      },
      {
        "Index": "2002-01-20",
        "evi": 0.4733,
        "ndvi": 0.6254,
        "nir": 0.3559
      },
      {
        "Index": "2002-01-28",
        "evi": 0.4767,
        "ndvi": 0.6309,
        "nir": 0.3579
      },
      {
        "Index": "2002-02-05",
        "evi": 0.4805,
        "ndvi": 0.6387,
        "nir": 0.3592
      },
      {
        "Index": "2002-02-13",
        "evi": 0.4846,
        "ndvi": 0.6487,
        "nir": 0.3597
      },
      {
        "Index": "2002-02-21",
        "evi": 0.4883,
        "ndvi": 0.6602,
        "nir": 0.3592
      },
      {
        "Index": "2002-03-01",
        "evi": 0.4908,
        "ndvi": 0.672,
        "nir": 0.3578
      },
      {
        "Index": "2002-03-09",
        "evi": 0.4915,
        "ndvi": 0.6825,
        "nir": 0.3556
      },
      {
        "Index": "2002-03-17",
        "evi": 0.4897,
        "ndvi": 0.6903,
        "nir": 0.3524
      },
      {
        "Index": "2002-03-25",
        "evi": 0.4853,
        "ndvi": 0.6945,
        "nir": 0.3486
      },
      {
        "Index": "2002-04-02",
        "evi": 0.4782,
        "ndvi": 0.6945,
        "nir": 0.344
      },
      {
        "Index": "2002-04-10",
        "evi": 0.4688,
        "ndvi": 0.6906,
        "nir": 0.3388
      },
      {
        "Index": "2002-04-18",
        "evi": 0.4573,
        "ndvi": 0.6833,
        "nir": 0.333
      },
      {
        "Index": "2002-04-26",
        "evi": 0.4442,
        "ndvi": 0.6735,
        "nir": 0.3266
      },
      {
        "Index": "2002-05-04",
        "evi": 0.4298,
        "ndvi": 0.6616,
        "nir": 0.3196
      },
      {
        "Index": "2002-05-12",
        "evi": 0.4141,
        "ndvi": 0.648,
        "nir": 0.312
      },
      {
        "Index": "2002-05-20",
        "evi": 0.3971,
        "ndvi": 0.6323,
        "nir": 0.3041
      },
      {
        "Index": "2002-05-28",
        "evi": 0.3789,
        "ndvi": 0.6139,
        "nir": 0.296
      },
      {
        "Index": "2002-06-05",
        "evi": 0.3594,
        "ndvi": 0.5925,
        "nir": 0.2881
      },
      {
        "Index": "2002-06-13",
        "evi": 0.3392,
        "ndvi": 0.5678,
        "nir": 0.2807
      },
      {
        "Index": "2002-06-21",
        "evi": 0.3188,
        "ndvi": 0.5406,
        "nir": 0.2742
      },
      {
        "Index": "2002-06-29",
        "evi": 0.2993,
        "ndvi": 0.5121,
        "nir": 0.269
      },
      {
        "Index": "2002-07-07",
        "evi": 0.2817,
        "ndvi": 0.4842,
        "nir": 0.2653
      },
      {
        "Index": "2002-07-15",
        "evi": 0.2669,
        "ndvi": 0.4588,
        "nir": 0.2631
      },
      {
        "Index": "2002-07-23",
        "evi": 0.2554,
        "ndvi": 0.4373,
        "nir": 0.2624
      },
      {
        "Index": "2002-07-31",
        "evi": 0.2474,
        "ndvi": 0.4205,
        "nir": 0.263
      },
      {
        "Index": "2002-08-08",
        "evi": 0.2423,
        "ndvi": 0.408,
        "nir": 0.2646
      },
      {
        "Index": "2002-08-16",
        "evi": 0.2392,
        "ndvi": 0.3985,
        "nir": 0.2668
      },
      {
        "Index": "2002-08-24",
        "evi": 0.237,
        "ndvi": 0.3904,
        "nir": 0.2692
      }
    ],
    "original_label": "",
    "n_members": 1
  },
  {
    "longitude": 0,
    "latitude": 0,
    "start_date": "2001-09-14",
    "end_date": "2002-08-29",
    "label": "Pasture2",
    "coverage": "mod13q1_512",
    "time_series": [
      {
        "Index": "2001-09-14",
        "evi": 0.2135,
        "ndvi": 0.3506,
        "nir": 0.258
      },
      {
        "Index": "2001-09-22",
        "evi": 0.2435,
        "ndvi": 0.3953,
        "nir": 0.2636
      },
      {
        "Index": "2001-09-30",
        "evi": 0.2725,
        "ndvi": 0.4375,
        "nir": 0.2691
      },
      {
        "Index": "2001-10-08",
        "evi": 0.2994,
        "ndvi": 0.4743,
        "nir": 0.2745
      },
      {
        "Index": "2001-10-16",
        "evi": 0.3235,
        "ndvi": 0.5037,
        "nir": 0.28
      },
      {
        "Index": "2001-10-24",
        "evi": 0.345,
        "ndvi": 0.5252,
        "nir": 0.2862
      },
      {
        "Index": "2001-11-01",
        "evi": 0.3644,
        "ndvi": 0.5401,
        "nir": 0.2935
      },
      {
        "Index": "2001-11-09",
        "evi": 0.383,
        "ndvi": 0.551,
        "nir": 0.3027
      },
      {
        "Index": "2001-11-17",
        "evi": 0.402,
        "ndvi": 0.5607,
        "nir": 0.3139
      },
      {
        "Index": "2001-11-25",
        "evi": 0.4222,
        "ndvi": 0.5715,
        "nir": 0.3273
      },
      {
        "Index": "2001-12-03",
        "evi": 0.4435,
        "ndvi": 0.5843,
        "nir": 0.342
      },
      {
        "Index": "2001-12-11",
        "evi": 0.4649,
        "ndvi": 0.5984,
        "nir": 0.3572
      },
      {
        "Index": "2001-12-19",
        "evi": 0.4847,
        "ndvi": 0.6118,
        "nir": 0.3712
      },
      {
        "Index": "2001-12-27",
        "evi": 0.501,
        "ndvi": 0.6222,
        "nir": 0.3825
      },
      {
        "Index": "2002-01-04",
        "evi": 0.5117,
        "ndvi": 0.6275,
        "nir": 0.3898
      },
      {
        "Index": "2002-01-12",
        "evi": 0.5159,
        "ndvi": 0.627,
        "nir": 0.3924
      },
      {
        "Index": "2002-01-20",
        "evi": 0.5132,
        "ndvi": 0.6214,
        "nir": 0.3901
      },
      {
        "Index": "2002-01-28",
        "evi": 0.5046,
        "ndvi": 0.6129,
        "nir": 0.3835
      },
      {
        "Index": "2002-02-05",
        "evi": 0.4917,
        "ndvi": 0.6043,
        "nir": 0.3738
      },
      {
        "Index": "2002-02-13",
        "evi": 0.4766,
        "ndvi": 0.5986,
        "nir": 0.3624
      },
      {
        "Index": "2002-02-21",
        "evi": 0.4614,
        "ndvi": 0.5974,
        "nir": 0.351
      },
      {
        "Index": "2002-03-01",
        "evi": 0.4476,
        "ndvi": 0.6012,
        "nir": 0.3405
      },
      {
        "Index": "2002-03-09",
        "evi": 0.4359,
        "ndvi": 0.6087,
        "nir": 0.3319
      },
      {
        "Index": "2002-03-17",
        "evi": 0.4264,
        "ndvi": 0.6177,
        "nir": 0.325
      },
      {
        "Index": "2002-03-25",
        "evi": 0.4184,
        "ndvi": 0.6254,
        "nir": 0.3197
      },
      {
        "Index": "2002-04-02",
        "evi": 0.4107,
        "ndvi": 0.6295,
        "nir": 0.315
      },
      {
        "Index": "2002-04-10",
        "evi": 0.4023,
        "ndvi": 0.6283,
        "nir": 0.3102
      },
      {
        "Index": "2002-04-18",
        "evi": 0.3923,
        "ndvi": 0.6215,
        "nir": 0.3045
      },
      {
        "Index": "2002-04-26",
        "evi": 0.3801,
        "ndvi": 0.6098,
        "nir": 0.2977
      },
      {
        "Index": "2002-05-04",
        "evi": 0.3657,
        "ndvi": 0.5942,
        "nir": 0.2897
      },
      {
        "Index": "2002-05-12",
        "evi": 0.3494,
        "ndvi": 0.5759,
        "nir": 0.2809
      },
      {
        "Index": "2002-05-20",
        "evi": 0.3315,
        "ndvi": 0.5558,
        "nir": 0.2721
      },
      {
        "Index": "2002-05-28",
        "evi": 0.313,
        "ndvi": 0.5343,
        "nir": 0.2639
      },
      {
        "Index": "2002-06-05",
        "evi": 0.2943,
        "ndvi": 0.5113,
        "nir": 0.2571
      },
      {
        "Index": "2002-06-13",
        "evi": 0.2764,
        "ndvi": 0.4869,
        "nir": 0.2522
      },
      {
        "Index": "2002-06-21",
        "evi": 0.2598,
        "ndvi": 0.4614,
        "nir": 0.2494
      },
      {
        "Index": "2002-06-29",
        "evi": 0.2452,
        "ndvi": 0.4358,
        "nir": 0.2486
      },
      {
        "Index": "2002-07-07",
        "evi": 0.2333,
        "ndvi": 0.4115,
        "nir": 0.2495
      },
      {
        "Index": "2002-07-15",
        "evi": 0.2243,
        "ndvi": 0.3903,
        "nir": 0.2517
      },
      {
        "Index": "2002-07-23",
        "evi": 0.2183,
        "ndvi": 0.3733,
        "nir": 0.2546
      },
      {
        "Index": "2002-07-31",
        "evi": 0.2151,
        "ndvi": 0.3612,
        "nir": 0.2579
      },
      {
        "Index": "2002-08-08",
        "evi": 0.2141,
        "ndvi": 0.3536,
        "nir": 0.2612
      },
      {
        "Index": "2002-08-16",
        "evi": 0.2145,
        "ndvi": 0.3491,
        "nir": 0.2646
      },
      {
        "Index": "2002-08-24",
        "evi": 0.2155,
        "ndvi": 0.3461,
        "nir": 0.2679
      }
    ],
    "original_label": "",
    "n_members": 1
  },
  {
    "longitude": 0,
    "latitude": 0,
    "start_date": "2001-09-14",
    "end_date": "2002-08-29",
    "label": "Forest2",
    "coverage": "mod13q1_512",
    "time_series": [
      {
        "Index": "2001-09-14",
        "evi": 0.5456,
        "ndvi": 0.8391,
        "nir": 0.3283
      },
      {
        "Index": "2001-09-22",
        "evi": 0.5488,
        "ndvi": 0.8349,
        "nir": 0.331
      },
      {
        "Index": "2001-09-30",
        "evi": 0.5518,
        "ndvi": 0.8301,
        "nir": 0.3335
      },
      {
        "Index": "2001-10-08",
        "evi": 0.5542,
        "ndvi": 0.824,
        "nir": 0.3354
      },
      {
        "Index": "2001-10-16",
        "evi": 0.5558,
        "ndvi": 0.816,
        "nir": 0.3365
      },
      {
        "Index": "2001-10-24",
        "evi": 0.5559,
        "ndvi": 0.806,
        "nir": 0.3364
      },
      {
        "Index": "2001-11-01",
        "evi": 0.5543,
        "ndvi": 0.7943,
        "nir": 0.3352
      },
      {
        "Index": "2001-11-09",
        "evi": 0.5506,
        "ndvi": 0.7816,
        "nir": 0.3329
      },
      {
        "Index": "2001-11-17",
        "evi": 0.5449,
        "ndvi": 0.7686,
        "nir": 0.3297
      },
      {
        "Index": "2001-11-25",
        "evi": 0.5375,
        "ndvi": 0.7562,
        "nir": 0.3261
      },
      {
        "Index": "2001-12-03",
        "evi": 0.5288,
        "ndvi": 0.745,
        "nir": 0.3225
      },
      {
        "Index": "2001-12-11",
        "evi": 0.5197,
        "ndvi": 0.7351,
        "nir": 0.3195
      },
      {
        "Index": "2001-12-19",
        "evi": 0.5109,
        "ndvi": 0.7266,
        "nir": 0.3173
      },
      {
        "Index": "2001-12-27",
        "evi": 0.5034,
        "ndvi": 0.7193,
        "nir": 0.3162
      },
      {
        "Index": "2002-01-04",
        "evi": 0.4975,
        "ndvi": 0.7129,
        "nir": 0.3161
      },
      {
        "Index": "2002-01-12",
        "evi": 0.4936,
        "ndvi": 0.7074,
        "nir": 0.3168
      },
      {
        "Index": "2002-01-20",
        "evi": 0.4915,
        "ndvi": 0.703,
        "nir": 0.3178
      },
      {
        "Index": "2002-01-28",
        "evi": 0.4909,
        "ndvi": 0.7,
        "nir": 0.3186
      },
      {
        "Index": "2002-02-05",
        "evi": 0.4911,
        "ndvi": 0.6989,
        "nir": 0.3189
      },
      {
        "Index": "2002-02-13",
        "evi": 0.4916,
        "ndvi": 0.6999,
        "nir": 0.3181
      },
      {
        "Index": "2002-02-21",
        "evi": 0.4919,
        "ndvi": 0.7034,
        "nir": 0.3161
      },
      {
        "Index": "2002-03-01",
        "evi": 0.4916,
        "ndvi": 0.7094,
        "nir": 0.313
      },
      {
        "Index": "2002-03-09",
        "evi": 0.4908,
        "ndvi": 0.7176,
        "nir": 0.3089
      },
      {
        "Index": "2002-03-17",
        "evi": 0.4895,
        "ndvi": 0.7275,
        "nir": 0.3041
      },
      {
        "Index": "2002-03-25",
        "evi": 0.488,
        "ndvi": 0.7386,
        "nir": 0.2992
      },
      {
        "Index": "2002-04-02",
        "evi": 0.4865,
        "ndvi": 0.7506,
        "nir": 0.2944
      },
      {
        "Index": "2002-04-10",
        "evi": 0.4853,
        "ndvi": 0.763,
        "nir": 0.2902
      },
      {
        "Index": "2002-04-18",
        "evi": 0.4844,
        "ndvi": 0.7757,
        "nir": 0.2866
      },
      {
        "Index": "2002-04-26",
        "evi": 0.4839,
        "ndvi": 0.7885,
        "nir": 0.2838
      },
      {
        "Index": "2002-05-04",
        "evi": 0.4837,
        "ndvi": 0.8014,
        "nir": 0.2817
      },
      {
        "Index": "2002-05-12",
        "evi": 0.4837,
        "ndvi": 0.8141,
        "nir": 0.2803
      },
      {
        "Index": "2002-05-20",
        "evi": 0.484,
        "ndvi": 0.8263,
        "nir": 0.2794
      },
      {
        "Index": "2002-05-28",
        "evi": 0.4844,
        "ndvi": 0.8374,
        "nir": 0.2789
      },
      {
        "Index": "2002-06-05",
        "evi": 0.4853,
        "ndvi": 0.8468,
        "nir": 0.279
      },
      {
        "Index": "2002-06-13",
        "evi": 0.4866,
        "ndvi": 0.854,
        "nir": 0.2796
      },
      {
        "Index": "2002-06-21",
        "evi": 0.4886,
        "ndvi": 0.8588,
        "nir": 0.2808
      },
      {
        "Index": "2002-06-29",
        "evi": 0.4914,
        "ndvi": 0.8611,
        "nir": 0.2826
      },
      {
        "Index": "2002-07-07",
        "evi": 0.4948,
        "ndvi": 0.8612,
        "nir": 0.2852
      },
      {
        "Index": "2002-07-15",
        "evi": 0.4989,
        "ndvi": 0.8595,
        "nir": 0.2884
      },
      {
        "Index": "2002-07-23",
        "evi": 0.5035,
        "ndvi": 0.8566,
        "nir": 0.2922
      },
      {
        "Index": "2002-07-31",
        "evi": 0.5084,
        "ndvi": 0.853,
        "nir": 0.2965
      },
      {
        "Index": "2002-08-08",
        "evi": 0.5135,
        "ndvi": 0.8491,
        "nir": 0.3012
      },
      {
        "Index": "2002-08-16",
        "evi": 0.5187,
        "ndvi": 0.8452,
        "nir": 0.3061
      },
      {
        "Index": "2002-08-24",
        "evi": 0.5239,
        "ndvi": 0.8413,
        "nir": 0.311
      }
    ],
    "original_label": "",
    "n_members": 1
  },
  {
    "longitude": 0,
    "latitude": 0,
    "start_date": "2001-09-14",
    "end_date": "2002-08-29",
    "label": "Soybean_Cotton",
    "coverage": "mod13q1_512",
    "time_series": [
      {
        "Index": "2001-09-14",
        "evi": 0.1668,
        "ndvi": 0.2685,
        "nir": 0.2441
      },
      {
        "Index": "2001-09-22",
        "evi": 0.1749,
        "ndvi": 0.295,
        "nir": 0.2369
      },
      {
        "Index": "2001-09-30",
        "evi": 0.192,
        "ndvi": 0.3284,
        "nir": 0.235
      },
      {
        "Index": "2001-10-08",
        "evi": 0.2279,
        "ndvi": 0.376,
        "nir": 0.2444
      },
      {
        "Index": "2001-10-16",
        "evi": 0.2893,
        "ndvi": 0.4424,
        "nir": 0.2691
      },
      {
        "Index": "2001-10-24",
        "evi": 0.3759,
        "ndvi": 0.5267,
        "nir": 0.3095
      },
      {
        "Index": "2001-11-01",
        "evi": 0.48,
        "ndvi": 0.6218,
        "nir": 0.3615
      },
      {
        "Index": "2001-11-09",
        "evi": 0.5876,
        "ndvi": 0.7157,
        "nir": 0.4175
      },
      {
        "Index": "2001-11-17",
        "evi": 0.6815,
        "ndvi": 0.794,
        "nir": 0.4681
      },
      {
        "Index": "2001-11-25",
        "evi": 0.7454,
        "ndvi": 0.843,
        "nir": 0.5043
      },
      {
        "Index": "2001-12-03",
        "evi": 0.768,
        "ndvi": 0.8537,
        "nir": 0.5197
      },
      {
        "Index": "2001-12-11",
        "evi": 0.7452,
        "ndvi": 0.8234,
        "nir": 0.5119
      },
      {
        "Index": "2001-12-19",
        "evi": 0.6818,
        "ndvi": 0.7569,
        "nir": 0.483
      },
      {
        "Index": "2001-12-27",
        "evi": 0.5895,
        "ndvi": 0.6656,
        "nir": 0.4389
      },
      {
        "Index": "2002-01-04",
        "evi": 0.4851,
        "ndvi": 0.5655,
        "nir": 0.388
      },
      {
        "Index": "2002-01-12",
        "evi": 0.3867,
        "ndvi": 0.4736,
        "nir": 0.3392
      },
      {
        "Index": "2002-01-20",
        "evi": 0.3101,
        "ndvi": 0.4049,
        "nir": 0.3004
      },
      {
        "Index": "2002-01-28",
        "evi": 0.2666,
        "ndvi": 0.3699,
        "nir": 0.2769
      },
      {
        "Index": "2002-02-05",
        "evi": 0.2608,
        "ndvi": 0.3728,
        "nir": 0.2713
      },
      {
        "Index": "2002-02-13",
        "evi": 0.2914,
        "ndvi": 0.4111,
        "nir": 0.2832
      },
      {
        "Index": "2002-02-21",
        "evi": 0.3516,
        "ndvi": 0.4775,
        "nir": 0.3097
      },
      {
        "Index": "2002-03-01",
        "evi": 0.4313,
        "ndvi": 0.5608,
        "nir": 0.3465
      },
      {
        "Index": "2002-03-09",
        "evi": 0.5192,
        "ndvi": 0.6491,
        "nir": 0.3887
      },
      {
        "Index": "2002-03-17",
        "evi": 0.6045,
        "ndvi": 0.7317,
        "nir": 0.4311
      },
      {
        "Index": "2002-03-25",
        "evi": 0.6781,
        "ndvi": 0.8005,
        "nir": 0.4692
      },
      {
        "Index": "2002-04-02",
        "evi": 0.7337,
        "ndvi": 0.8509,
        "nir": 0.4991
      },
      {
        "Index": "2002-04-10",
        "evi": 0.7674,
        "ndvi": 0.8814,
        "nir": 0.5177
      },
      {
        "Index": "2002-04-18",
        "evi": 0.7781,
        "ndvi": 0.893,
        "nir": 0.5233
      },
      {
        "Index": "2002-04-26",
        "evi": 0.7665,
        "ndvi": 0.8882,
        "nir": 0.5153
      },
      {
        "Index": "2002-05-04",
        "evi": 0.735,
        "ndvi": 0.8697,
        "nir": 0.4947
      },
      {
        "Index": "2002-05-12",
        "evi": 0.6873,
        "ndvi": 0.8399,
        "nir": 0.4639
      },
      {
        "Index": "2002-05-20",
        "evi": 0.6281,
        "ndvi": 0.8005,
        "nir": 0.4265
      },
      {
        "Index": "2002-05-28",
        "evi": 0.5622,
        "ndvi": 0.7528,
        "nir": 0.3869
      },
      {
        "Index": "2002-06-05",
        "evi": 0.4946,
        "ndvi": 0.6981,
        "nir": 0.3492
      },
      {
        "Index": "2002-06-13",
        "evi": 0.4297,
        "ndvi": 0.638,
        "nir": 0.3171
      },
      {
        "Index": "2002-06-21",
        "evi": 0.3709,
        "ndvi": 0.5752,
        "nir": 0.2926
      },
      {
        "Index": "2002-06-29",
        "evi": 0.3206,
        "ndvi": 0.5128,
        "nir": 0.2765
      },
      {
        "Index": "2002-07-07",
        "evi": 0.2798,
        "ndvi": 0.4545,
        "nir": 0.2678
      },
      {
        "Index": "2002-07-15",
        "evi": 0.2484,
        "ndvi": 0.4037,
        "nir": 0.2647
      },
      {
        "Index": "2002-07-23",
        "evi": 0.2255,
        "ndvi": 0.3627,
        "nir": 0.2649
      },
      {
        "Index": "2002-07-31",
        "evi": 0.2094,
        "ndvi": 0.3322,
        "nir": 0.2665
      },
      {
        "Index": "2002-08-08",
        "evi": 0.1982,
        "ndvi": 0.311,
        "nir": 0.2681
      },
      {
        "Index": "2002-08-16",
        "evi": 0.19,
        "ndvi": 0.2963,
        "nir": 0.2692
      },
      {
        "Index": "2002-08-24",
        "evi": 0.1831,
        "ndvi": 0.2846,
        "nir": 0.2701
      }
    ],
    "original_label": "",
    "n_members": 1
  },
  {
    "longitude": 0,
    "latitude": 0,
    "start_date": "2001-09-14",
    "end_date": "2002-08-29",
    "label": "Soybean_Crop",
    "coverage": "mod13q1_512",
    "time_series": [
      {
        "Index": "2001-09-14",
        "evi": 0.187,
        "ndvi": 0.3064,
        "nir": 0.245
      },
      {
        "Index": "2001-09-22",
        "evi": 0.2106,
        "ndvi": 0.3385,
        "nir": 0.2507
      },
      {
        "Index": "2001-09-30",
        "evi": 0.2324,
        "ndvi": 0.3682,
        "nir": 0.2558
      },
      {
        "Index": "2001-10-08",
        "evi": 0.2515,
        "ndvi": 0.3941,
        "nir": 0.2602
      },
      {
        "Index": "2001-10-16",
        "evi": 0.2696,
        "ndvi": 0.4166,
        "nir": 0.2649
      },
      {
        "Index": "2001-10-24",
        "evi": 0.291,
        "ndvi": 0.4394,
        "nir": 0.2727
      },
      {
        "Index": "2001-11-01",
        "evi": 0.3221,
        "ndvi": 0.4679,
        "nir": 0.2867
      },
      {
        "Index": "2001-11-09",
        "evi": 0.3689,
        "ndvi": 0.5079,
        "nir": 0.3101
      },
      {
        "Index": "2001-11-17",
        "evi": 0.4345,
        "ndvi": 0.5626,
        "nir": 0.3443
      },
      {
        "Index": "2001-11-25",
        "evi": 0.517,
        "ndvi": 0.6308,
        "nir": 0.3881
      },
      {
        "Index": "2001-12-03",
        "evi": 0.6083,
        "ndvi": 0.7061,
        "nir": 0.4373
      },
      {
        "Index": "2001-12-11",
        "evi": 0.6954,
        "ndvi": 0.7772,
        "nir": 0.4849
      },
      {
        "Index": "2001-12-19",
        "evi": 0.7633,
        "ndvi": 0.831,
        "nir": 0.5229
      },
      {
        "Index": "2001-12-27",
        "evi": 0.7981,
        "ndvi": 0.8555,
        "nir": 0.544
      },
      {
        "Index": "2002-01-04",
        "evi": 0.7916,
        "ndvi": 0.8438,
        "nir": 0.5435
      },
      {
        "Index": "2002-01-12",
        "evi": 0.7434,
        "ndvi": 0.796,
        "nir": 0.5207
      },
      {
        "Index": "2002-01-20",
        "evi": 0.6619,
        "ndvi": 0.7204,
        "nir": 0.4794
      },
      {
        "Index": "2002-01-28",
        "evi": 0.5623,
        "ndvi": 0.6316,
        "nir": 0.4273
      },
      {
        "Index": "2002-02-05",
        "evi": 0.4638,
        "ndvi": 0.5474,
        "nir": 0.3739
      },
      {
        "Index": "2002-02-13",
        "evi": 0.3847,
        "ndvi": 0.4847,
        "nir": 0.3289
      },
      {
        "Index": "2002-02-21",
        "evi": 0.3382,
        "ndvi": 0.4555,
        "nir": 0.2992
      },
      {
        "Index": "2002-03-01",
        "evi": 0.3298,
        "ndvi": 0.4644,
        "nir": 0.2883
      },
      {
        "Index": "2002-03-09",
        "evi": 0.356,
        "ndvi": 0.5074,
        "nir": 0.2951
      },
      {
        "Index": "2002-03-17",
        "evi": 0.4061,
        "ndvi": 0.5736,
        "nir": 0.3145
      },
      {
        "Index": "2002-03-25",
        "evi": 0.465,
        "ndvi": 0.648,
        "nir": 0.3391
      },
      {
        "Index": "2002-04-02",
        "evi": 0.5172,
        "ndvi": 0.7152,
        "nir": 0.3611
      },
      {
        "Index": "2002-04-10",
        "evi": 0.5503,
        "ndvi": 0.7625,
        "nir": 0.3739
      },
      {
        "Index": "2002-04-18",
        "evi": 0.5573,
        "ndvi": 0.7825,
        "nir": 0.3739
      },
      {
        "Index": "2002-04-26",
        "evi": 0.5376,
        "ndvi": 0.7738,
        "nir": 0.3607
      },
      {
        "Index": "2002-05-04",
        "evi": 0.4961,
        "ndvi": 0.7401,
        "nir": 0.3369
      },
      {
        "Index": "2002-05-12",
        "evi": 0.441,
        "ndvi": 0.6887,
        "nir": 0.3073
      },
      {
        "Index": "2002-05-20",
        "evi": 0.3813,
        "ndvi": 0.628,
        "nir": 0.2771
      },
      {
        "Index": "2002-05-28",
        "evi": 0.3252,
        "ndvi": 0.5656,
        "nir": 0.2512
      },
      {
        "Index": "2002-06-05",
        "evi": 0.2779,
        "ndvi": 0.5073,
        "nir": 0.2327
      },
      {
        "Index": "2002-06-13",
        "evi": 0.2417,
        "ndvi": 0.4561,
        "nir": 0.223
      },
      {
        "Index": "2002-06-21",
        "evi": 0.2164,
        "ndvi": 0.4132,
        "nir": 0.2214
      },
      {
        "Index": "2002-06-29",
        "evi": 0.2,
        "ndvi": 0.3783,
        "nir": 0.2262
      },
      {
        "Index": "2002-07-07",
        "evi": 0.1903,
        "ndvi": 0.3506,
        "nir": 0.2348
      },
      {
        "Index": "2002-07-15",
        "evi": 0.1848,
        "ndvi": 0.3291,
        "nir": 0.2447
      },
      {
        "Index": "2002-07-23",
        "evi": 0.182,
        "ndvi": 0.313,
        "nir": 0.254
      },
      {
        "Index": "2002-07-31",
        "evi": 0.1808,
        "ndvi": 0.3012,
        "nir": 0.2616
      },
      {
        "Index": "2002-08-08",
        "evi": 0.1804,
        "ndvi": 0.2927,
        "nir": 0.2672
      },
      {
        "Index": "2002-08-16",
        "evi": 0.1805,
        "ndvi": 0.2864,
        "nir": 0.2714
      },
      {
        "Index": "2002-08-24",
        "evi": 0.1808,
        "ndvi": 0.281,
        "nir": 0.2748
      }
    ],
    "original_label": "",
    "n_members": 1
  },
  {
    "longitude": 0,
    "latitude": 0,
    "start_date": "2001-09-14",
    "end_date": "2002-08-29",
    "label": "Soybean_Fallow",
    "coverage": "mod13q1_512",
    "time_series": [
      {
        "Index": "2001-09-14",
        "evi": 0.1477,
        "ndvi": 0.2683,
        "nir": 0.2182
      },
      {
        "Index": "2001-09-22",
        "evi": 0.1904,
        "ndvi": 0.315,
        "nir": 0.2357
      },
      {
        "Index": "2001-09-30",
        "evi": 0.2294,
        "ndvi": 0.3583,
        "nir": 0.2512
      },
      {
        "Index": "2001-10-08",
        "evi": 0.2611,
        "ndvi": 0.3947,
        "nir": 0.2627
      },
      {
        "Index": "2001-10-16",
        "evi": 0.284,
        "ndvi": 0.4223,
        "nir": 0.2696
      },
      {
        "Index": "2001-10-24",
        "evi": 0.2997,
        "ndvi": 0.4418,
        "nir": 0.2731
      },
      {
        "Index": "2001-11-01",
        "evi": 0.3133,
        "ndvi": 0.4569,
        "nir": 0.2765
      },
      {
        "Index": "2001-11-09",
        "evi": 0.3316,
        "ndvi": 0.4729,
        "nir": 0.2838
      },
      {
        "Index": "2001-11-17",
        "evi": 0.3614,
        "ndvi": 0.4956,
        "nir": 0.2992
      },
      {
        "Index": "2001-11-25",
        "evi": 0.4072,
        "ndvi": 0.5292,
        "nir": 0.3249
      },
      {
        "Index": "2001-12-03",
        "evi": 0.4691,
        "ndvi": 0.5744,
        "nir": 0.3609
      },
      {
        "Index": "2001-12-11",
        "evi": 0.5425,
        "ndvi": 0.6285,
        "nir": 0.4039
      },
      {
        "Index": "2001-12-19",
        "evi": 0.6186,
        "ndvi": 0.6852,
        "nir": 0.4484
      },
      {
        "Index": "2001-12-27",
        "evi": 0.6861,
        "ndvi": 0.7358,
        "nir": 0.4874
      },
      {
        "Index": "2002-01-04",
        "evi": 0.7338,
        "ndvi": 0.7719,
        "nir": 0.5143
      },
      {
        "Index": "2002-01-12",
        "evi": 0.7535,
        "ndvi": 0.7866,
        "nir": 0.5245
      },
      {
        "Index": "2002-01-20",
        "evi": 0.7414,
        "ndvi": 0.777,
        "nir": 0.516
      },
      {
        "Index": "2002-01-28",
        "evi": 0.6997,
        "ndvi": 0.7443,
        "nir": 0.4906
      },
      {
        "Index": "2002-02-05",
        "evi": 0.6356,
        "ndvi": 0.6945,
        "nir": 0.4529
      },
      {
        "Index": "2002-02-13",
        "evi": 0.5598,
        "ndvi": 0.6361,
        "nir": 0.4094
      },
      {
        "Index": "2002-02-21",
        "evi": 0.4843,
        "ndvi": 0.5793,
        "nir": 0.3671
      },
      {
        "Index": "2002-03-01",
        "evi": 0.4197,
        "ndvi": 0.5328,
        "nir": 0.3319
      },
      {
        "Index": "2002-03-09",
        "evi": 0.3731,
        "ndvi": 0.503,
        "nir": 0.3073
      },
      {
        "Index": "2002-03-17",
        "evi": 0.3471,
        "ndvi": 0.4919,
        "nir": 0.2942
      },
      {
        "Index": "2002-03-25",
        "evi": 0.3396,
        "ndvi": 0.4978,
        "nir": 0.2909
      },
      {
        "Index": "2002-04-02",
        "evi": 0.3451,
        "ndvi": 0.5153,
        "nir": 0.2937
      },
      {
        "Index": "2002-04-10",
        "evi": 0.3562,
        "ndvi": 0.5373,
        "nir": 0.2984
      },
      {
        "Index": "2002-04-18",
        "evi": 0.3653,
        "ndvi": 0.5561,
        "nir": 0.3009
      },
      {
        "Index": "2002-04-26",
        "evi": 0.3668,
        "ndvi": 0.5657,
        "nir": 0.2986
      },
      {
        "Index": "2002-05-04",
        "evi": 0.3576,
        "ndvi": 0.5623,
        "nir": 0.2904
      },
      {
        "Index": "2002-05-12",
        "evi": 0.3377,
        "ndvi": 0.5452,
        "nir": 0.2772
      },
      {
        "Index": "2002-05-20",
        "evi": 0.3095,
        "ndvi": 0.5165,
        "nir": 0.2612
      },
      {
        "Index": "2002-05-28",
        "evi": 0.2771,
        "ndvi": 0.4801,
        "nir": 0.2449
      },
      {
        "Index": "2002-06-05",
        "evi": 0.245,
        "ndvi": 0.4407,
        "nir": 0.2311
      },
      {
        "Index": "2002-06-13",
        "evi": 0.2171,
        "ndvi": 0.4031,
        "nir": 0.2217
      },
      {
        "Index": "2002-06-21",
        "evi": 0.1958,
        "ndvi": 0.3704,
        "nir": 0.2173
      },
      {
        "Index": "2002-06-29",
        "evi": 0.1818,
        "ndvi": 0.3446,
        "nir": 0.2177
      },
      {
        "Index": "2002-07-07",
        "evi": 0.1743,
        "ndvi": 0.3255,
        "nir": 0.2218
      },
      {
        "Index": "2002-07-15",
        "evi": 0.1714,
        "ndvi": 0.3119,
        "nir": 0.2278
      },
      {
        "Index": "2002-07-23",
        "evi": 0.1708,
        "ndvi": 0.3019,
        "nir": 0.2341
      },
      {
        "Index": "2002-07-31",
        "evi": 0.1706,
        "ndvi": 0.2937,
        "nir": 0.2395
      },
      {
        "Index": "2002-08-08",
        "evi": 0.1697,
        "ndvi": 0.2857,
        "nir": 0.2435
      },
      {
        "Index": "2002-08-16",
        "evi": 0.1676,
        "ndvi": 0.2773,
        "nir": 0.2463
      },
      {
        "Index": "2002-08-24",
        "evi": 0.1649,
        "ndvi": 0.2685,
        "nir": 0.2484
      }
    ],
    "original_label": "",
    "n_members": 1
  },
  {
    "longitude": 0,
    "latitude": 0,
    "start_date": "2015-09-14",
    "end_date": "2016-08-28",
    "label": "Pasture3",
    "coverage": "mod13q1_512",
    "time_series": [
      {
        "Index": "2015-09-14",
        "ndvi": 0.4594,
        "evi": 0.3039,
        "nir": 0.3082
      },
      {
        "Index": "2015-09-22",
        "ndvi": 0.43,
        "evi": 0.2826,
        "nir": 0.2932
      },
      {
        "Index": "2015-09-30",
        "ndvi": 0.4082,
        "evi": 0.2659,
        "nir": 0.2798
      },
      {
        "Index": "2015-10-08",
        "ndvi": 0.4008,
        "evi": 0.258,
        "nir": 0.2696
      },
      {
        "Index": "2015-10-16",
        "ndvi": 0.4115,
        "evi": 0.2621,
        "nir": 0.2642
      },
      {
        "Index": "2015-10-24",
        "ndvi": 0.4416,
        "evi": 0.28,
        "nir": 0.265
      },
      {
        "Index": "2015-11-01",
        "ndvi": 0.4873,
        "evi": 0.311,
        "nir": 0.2729
      },
      {
        "Index": "2015-11-09",
        "ndvi": 0.5429,
        "evi": 0.3533,
        "nir": 0.2881
      },
      {
        "Index": "2015-11-17",
        "ndvi": 0.6009,
        "evi": 0.4034,
        "nir": 0.3101
      },
      {
        "Index": "2015-11-25",
        "ndvi": 0.6543,
        "evi": 0.4576,
        "nir": 0.3376
      },
      {
        "Index": "2015-12-03",
        "ndvi": 0.6991,
        "evi": 0.5124,
        "nir": 0.3687
      },
      {
        "Index": "2015-12-11",
        "ndvi": 0.7326,
        "evi": 0.5647,
        "nir": 0.4009
      },
      {
        "Index": "2015-12-19",
        "ndvi": 0.756,
        "evi": 0.6118,
        "nir": 0.4315
      },
      {
        "Index": "2015-12-27",
        "ndvi": 0.7714,
        "evi": 0.6515,
        "nir": 0.4577
      },
      {
        "Index": "2016-01-04",
        "ndvi": 0.7811,
        "evi": 0.6818,
        "nir": 0.4771
      },
      {
        "Index": "2016-01-12",
        "ndvi": 0.7869,
        "evi": 0.7005,
        "nir": 0.488
      },
      {
        "Index": "2016-01-20",
        "ndvi": 0.7889,
        "evi": 0.7062,
        "nir": 0.4896
      },
      {
        "Index": "2016-01-28",
        "ndvi": 0.7868,
        "evi": 0.698,
        "nir": 0.4821
      },
      {
        "Index": "2016-02-05",
        "ndvi": 0.7791,
        "evi": 0.6765,
        "nir": 0.4668
      },
      {
        "Index": "2016-02-13",
        "ndvi": 0.7653,
        "evi": 0.644,
        "nir": 0.446
      },
      {
        "Index": "2016-02-21",
        "ndvi": 0.7463,
        "evi": 0.6045,
        "nir": 0.4225
      },
      {
        "Index": "2016-02-29",
        "ndvi": 0.7244,
        "evi": 0.5632,
        "nir": 0.3993
      },
      {
        "Index": "2016-03-08",
        "ndvi": 0.7036,
        "evi": 0.5261,
        "nir": 0.3792
      },
      {
        "Index": "2016-03-16",
        "ndvi": 0.6882,
        "evi": 0.4981,
        "nir": 0.3642
      },
      {
        "Index": "2016-03-24",
        "ndvi": 0.6819,
        "evi": 0.4825,
        "nir": 0.355
      },
      {
        "Index": "2016-04-01",
        "ndvi": 0.6864,
        "evi": 0.4801,
        "nir": 0.3516
      },
      {
        "Index": "2016-04-09",
        "ndvi": 0.7004,
        "evi": 0.4883,
        "nir": 0.3525
      },
      {
        "Index": "2016-04-17",
        "ndvi": 0.7206,
        "evi": 0.5029,
        "nir": 0.3556
      },
      {
        "Index": "2016-04-25",
        "ndvi": 0.7405,
        "evi": 0.5173,
        "nir": 0.3587
      },
      {
        "Index": "2016-05-03",
        "ndvi": 0.754,
        "evi": 0.5258,
        "nir": 0.3596
      },
      {
        "Index": "2016-05-11",
        "ndvi": 0.7553,
        "evi": 0.5232,
        "nir": 0.3569
      },
      {
        "Index": "2016-05-19",
        "ndvi": 0.7407,
        "evi": 0.507,
        "nir": 0.35
      },
      {
        "Index": "2016-05-27",
        "ndvi": 0.7101,
        "evi": 0.4777,
        "nir": 0.3394
      },
      {
        "Index": "2016-06-04",
        "ndvi": 0.6657,
        "evi": 0.4377,
        "nir": 0.326
      },
      {
        "Index": "2016-06-12",
        "ndvi": 0.6127,
        "evi": 0.3921,
        "nir": 0.3115
      },
      {
        "Index": "2016-06-20",
        "ndvi": 0.557,
        "evi": 0.3459,
        "nir": 0.2974
      },
      {
        "Index": "2016-06-28",
        "ndvi": 0.5047,
        "evi": 0.3039,
        "nir": 0.285
      },
      {
        "Index": "2016-07-06",
        "ndvi": 0.4603,
        "evi": 0.2698,
        "nir": 0.2752
      },
      {
        "Index": "2016-07-14",
        "ndvi": 0.4265,
        "evi": 0.2449,
        "nir": 0.268
      },
      {
        "Index": "2016-07-22",
        "ndvi": 0.404,
        "evi": 0.2294,
        "nir": 0.2632
      },
      {
        "Index": "2016-07-30",
        "ndvi": 0.3916,
        "evi": 0.2216,
        "nir": 0.2602
      },
      {
        "Index": "2016-08-07",
        "ndvi": 0.3871,
        "evi": 0.2196,
        "nir": 0.2583
      },
      {
        "Index": "2016-08-15",
        "ndvi": 0.388,
        "evi": 0.2213,
        "nir": 0.257
      },
      {
        "Index": "2016-08-23",
        "ndvi": 0.392,
        "evi": 0.2249,
        "nir": 0.256
      }
    ]
  }
]
